,kos,path,gene_function,Gene_Function_2
1,K02935,Ribosome,Ribosome,Ribosome
2,K02994,Ribosome,Ribosome,Ribosome
3,K02992,Ribosome,Ribosome,Ribosome
4,K02904,Ribosome,Ribosome,Ribosome
5,K02936,Ribosome,Ribosome,Ribosome
6,K02878,Ribosome,Ribosome,Ribosome
7,K01874,Aminoacyl-tRNA biosynthesis,Aminoacyl-tRNA biosynthesis,Aminoacyl-tRNA biosynthesis
8,K02926,Ribosome,Ribosome,Ribosome
9,K02996,Ribosome,Ribosome,Ribosome
10,K02886,Ribosome,Ribosome,Ribosome
11,K02879,Ribosome,Ribosome,Ribosome
12,K04488,Nitrogen metabolism,Nitrogen metabolism,niF
13,K00265,Nitrogen metabolism,gltB_NADPH_large_glutamate_synthase,Glutamate_Synthase
14,K00284,Nitrogen metabolism,gltS_ferredoxin_glutamate_synthase,Glutamate_Synthase
15,K00324,Nicotinate and nicotinamide metabolism,Nicotinate and nicotinamide metabolism,NADPH oxidoreductase
16,K00325,Nicotinate and nicotinamide metabolism,Nicotinate and nicotinamide metabolism,NADPH oxidoreductase
17,K02902,Ribosome,Ribosome,Ribosome
18,K02876,Ribosome,Ribosome,Ribosome
19,K01915,Nitrogen metabolism,glnA_glutamine_synthetase,Glutamine_Synthetase
20,K12573,RNA degradation,RNA degradation,RNA degradation
21,K00266,Nitrogen metabolism,gltD_NADPH_small_glutamate_synthase,Glutamate_Synthase
22,K02945,Ribosome,Ribosome,Ribosome
23,K02988,Ribosome,Ribosome,Ribosome
24,K02970,Ribosome,Ribosome,Ribosome
25,K02963,Ribosome,Ribosome,Ribosome
26,K12574,RNA degradation,RNA degradation,RNA degradation
27,K02588,Nitrogen metabolism,Nitrogen metabolism,niF
28,K02948,Ribosome,Ribosome,Ribosome
29,K01883,Aminoacyl-tRNA biosynthesis,Aminoacyl-tRNA biosynthesis,Aminoacyl-tRNA biosynthesis
30,K04043,RNA degradation,RNA degradation,RNA degradation
31,K04044,RNA degradation,RNA degradation,RNA degradation
32,K04079,RNA degradation,RNA degradation,RNA degradation
33,K02863,Ribosome,Ribosome,Ribosome
34,K01872,Aminoacyl-tRNA biosynthesis,Aminoacyl-tRNA biosynthesis,Aminoacyl-tRNA biosynthesis
35,K02967,Ribosome,Ribosome,Ribosome
36,K02986,Ribosome,Ribosome,Ribosome
37,K05592,RNA degradation,RNA degradation,RNA degradation
38,K02906,Ribosome,Ribosome,Ribosome
39,K02916,Ribosome,Ribosome,Ribosome
40,K01881,Aminoacyl-tRNA biosynthesis,Aminoacyl-tRNA biosynthesis,Aminoacyl-tRNA biosynthesis
41,K02899,Ribosome,Ribosome,Ribosome
42,K02987,Ribosome,Ribosome,Ribosome
43,K08311,RNA degradation,RNA degradation,RNA degradation
44,K02867,Ribosome,Ribosome,Ribosome
45,K02887,Ribosome,Ribosome,Ribosome
46,K01875,Aminoacyl-tRNA biosynthesis,Aminoacyl-tRNA biosynthesis,Aminoacyl-tRNA biosynthesis
47,K02433,Aminoacyl-tRNA biosynthesis,Aminoacyl-tRNA biosynthesis,Aminoacyl-tRNA biosynthesis
48,K01869,Aminoacyl-tRNA biosynthesis,Aminoacyl-tRNA biosynthesis,Aminoacyl-tRNA biosynthesis
49,K02952,Ribosome,Ribosome,Ribosome
50,K02931,Ribosome,Ribosome,Ribosome
51,K04077,RNA degradation,RNA degradation,RNA degradation
52,K03686,RNA degradation,RNA degradation,RNA degradation
53,K02991,Ribosome,Ribosome,Ribosome
54,K02871,Ribosome,Ribosome,Ribosome
55,K02892,Ribosome,Ribosome,Ribosome
56,K04078,RNA degradation,RNA degradation,RNA degradation
57,K02929,Ribosome,Ribosome,Ribosome
58,K02956,Ribosome,Ribosome,Ribosome
59,K06942,Ribosome,Ribosome,Ribosome
60,K02874,Ribosome,Ribosome,Ribosome
61,K02961,Ribosome,Ribosome,Ribosome
62,K02895,Ribosome,Ribosome,Ribosome
63,K02968,Ribosome,Ribosome,Ribosome
64,K09710,Ribosome,Ribosome,Ribosome
65,K02888,Ribosome,Ribosome,Ribosome
66,K02911,Ribosome,Ribosome,Ribosome
67,K02890,Ribosome,Ribosome,Ribosome
68,K03687,RNA degradation,RNA degradation,RNA degradation
69,K01890,Aminoacyl-tRNA biosynthesis,Aminoacyl-tRNA biosynthesis,Aminoacyl-tRNA biosynthesis
70,K01873,Aminoacyl-tRNA biosynthesis,Aminoacyl-tRNA biosynthesis,Aminoacyl-tRNA biosynthesis
71,K02919,Ribosome,Ribosome,Ribosome
72,K03469,RNA degradation,RNA degradation,RNA degradation
73,K02864,Ribosome,Ribosome,Ribosome
74,K02965,Ribosome,Ribosome,Ribosome
75,K02982,Ribosome,Ribosome,Ribosome
76,K02933,Ribosome,Ribosome,Ribosome
77,K00262,Nitrogen metabolism,Nitrogen metabolism,Glutamate_dehydrogenase
78,K02913,Ribosome,Ribosome,Ribosome
79,K04080,RNA degradation,RNA degradation,RNA degradation
80,K02939,Ribosome,Ribosome,Ribosome
81,K04083,RNA degradation,RNA degradation,RNA degradation
82,K02881,Ribosome,Ribosome,Ribosome
83,K02914,Ribosome,Ribosome,Ribosome
84,K15034,Ribosome,Ribosome,Ribosome
85,K02954,Ribosome,Ribosome,Ribosome
86,K02591,Nitrogen metabolism,Nitrogen metabolism,niF
87,K02586,Nitrogen metabolism,Nitrogen metabolism,niF
88,K04752,Nitrogen metabolism,glnK_nitrogen_regulator,PII_regulator
89,K02959,Ribosome,Ribosome,Ribosome
90,K01916,Nicotinate and nicotinamide metabolism,Nicotinate and nicotinamide metabolism,NAD+ synthase
91,K02595,Nitrogen metabolism,Nitrogen metabolism,niF
92,K02950,Ribosome,Ribosome,Ribosome
93,K08300,RNA degradation,RNA degradation,RNA degradation
94,K04567,Aminoacyl-tRNA biosynthesis,Aminoacyl-tRNA biosynthesis,Aminoacyl-tRNA biosynthesis
95,K02587,Nitrogen metabolism,Nitrogen metabolism,niF
96,K04751,Nitrogen metabolism,glnB_nitrogen_regulator,PII_regulator
97,K01885,Aminoacyl-tRNA biosynthesis,Aminoacyl-tRNA biosynthesis,Aminoacyl-tRNA biosynthesis
98,K03517,Nicotinate and nicotinamide metabolism,Nicotinate and nicotinamide metabolism,Nicotinate and nicotinamide metabolism
99,K01870,Aminoacyl-tRNA biosynthesis,Aminoacyl-tRNA biosynthesis,Aminoacyl-tRNA biosynthesis
100,K02585,Nitrogen metabolism,Nitrogen metabolism,niF
101,K02596,Nitrogen metabolism,Nitrogen metabolism,niF
102,K02990,Ribosome,Ribosome,Ribosome
103,K02593,Nitrogen metabolism,Nitrogen metabolism,niF
104,K06281,Nitrogen metabolism,Nitrogen metabolism,hydrogenase
105,K02434,Aminoacyl-tRNA biosynthesis,Aminoacyl-tRNA biosynthesis,Aminoacyl-tRNA biosynthesis
106,K00858,Nicotinate and nicotinamide metabolism,Nicotinate and nicotinamide metabolism,NAD_kinase
107,K02946,Ribosome,Ribosome,Ribosome
108,K02897,Ribosome,Ribosome,Ribosome
109,K06282,Nitrogen metabolism,Nitrogen metabolism,hydrogenase
110,K02909,Ribosome,Ribosome,Ribosome
111,K02834,Ribosome,Ribosome,Ribosome
112,K11145,RNA degradation,RNA degradation,RNA degradation
113,K01893,Aminoacyl-tRNA biosynthesis,Aminoacyl-tRNA biosynthesis,Aminoacyl-tRNA biosynthesis
114,K01876,Aminoacyl-tRNA biosynthesis,Aminoacyl-tRNA biosynthesis,Aminoacyl-tRNA biosynthesis
115,K09748,Ribosome,Ribosome,Ribosome
116,K02600,Nitrogen metabolism,Nitrogen metabolism,transcription termination/antitermination
117,K03742,Nicotinate and nicotinamide metabolism,Nicotinate and nicotinamide metabolism,Nicotinate and nicotinamide metabolism
118,K02884,Ribosome,Ribosome,Ribosome
119,K01889,Aminoacyl-tRNA biosynthesis,Aminoacyl-tRNA biosynthesis,Aminoacyl-tRNA biosynthesis
120,K02838,Ribosome,Ribosome,Ribosome
121,K01867,Aminoacyl-tRNA biosynthesis,Aminoacyl-tRNA biosynthesis,Aminoacyl-tRNA biosynthesis
122,K03628,RNA degradation,RNA degradation,RNA degradation
123,K14441,Ribosome,Ribosome,Ribosome
124,K04651,Nitrogen metabolism,Nitrogen metabolism,hydrogenase
125,K02592,Nitrogen metabolism,Nitrogen metabolism,niF
126,K02687,Ribosome,Ribosome,Ribosome
127,K04655,Nitrogen metabolism,Nitrogen metabolism,hydrogenase
128,K02435,Aminoacyl-tRNA biosynthesis,Aminoacyl-tRNA biosynthesis,Aminoacyl-tRNA biosynthesis
129,K00989,RNA degradation,RNA degradation,RNA degradation
130,K03743,Nicotinate and nicotinamide metabolism,Nicotinate and nicotinamide metabolism,Nicotinate and nicotinamide metabolism
131,K01879,Aminoacyl-tRNA biosynthesis,Aminoacyl-tRNA biosynthesis,Aminoacyl-tRNA biosynthesis
132,K01892,Aminoacyl-tRNA biosynthesis,Aminoacyl-tRNA biosynthesis,Aminoacyl-tRNA biosynthesis
133,K01868,Aminoacyl-tRNA biosynthesis,Aminoacyl-tRNA biosynthesis,Aminoacyl-tRNA biosynthesis
134,K01866,Aminoacyl-tRNA biosynthesis,Aminoacyl-tRNA biosynthesis,Aminoacyl-tRNA biosynthesis
135,K17675,RNA degradation,RNA degradation,RNA degradation
136,C00064,Metabolite,Glutamine,Glutamine
137,K03320,Transport,amt_ammonia_transporter,amt_ammonia_transporter
138,Macromolecule,Macromolecule,mean_hydrolyzable_nbs_ugL,mean_hydrolyzable_nbs_ugL
139,Macromolecule,Macromolecule,mean_hydrolyzable_aas_ugL,mean_hydrolyzable_aas_ugL
140,K02575,Transport,NRT_NO34_transport,nitrate/nitrite_transporter
141,K02598,Transport,nirC_NO4_transport,nitrate/nitrite_transporter
142,K02049,Transport,niT_transport_ATP,niT_transport
143,K02050,Transport,nitT_transport_permease,niT_transport
144,K02051,Transport,nitT_transport_substrate,niT_transport
145,K10534,Nitrogen metabolism,NR_NO4_reductase,nitrate reductase
146,K11959,Transport,urtA_urea_transport,urtA_urea_transport
