,nondiel_ko_ids,nondiel_ko_taxa,nondiel_ko_numbers,tax_group
K029351,Firmicutes_K02935,Firmicutes,K02935,Pro
K029352,Flavobacteriia_K02935,Flavobacteriia,K02935,Pro
K029353,Other Alphaproteobacteria_K02935,Other Alphaproteobacteria,K02935,Pro
K029354,Other Bacteroidetes_K02935,Other Bacteroidetes,K02935,Pro
K029355,Other Gammaproteobacteria_K02935,Other Gammaproteobacteria,K02935,Pro
K029356,Planctomycetes_K02935,Planctomycetes,K02935,Pro
K029357,SAR11_K02935,SAR11,K02935,Pro
K029358,SAR11-like_K02935,SAR11-like,K02935,Pro
K029359,SAR324_K02935,SAR324,K02935,Pro
K0293510,SAR86_K02935,SAR86,K02935,Pro
K0293511,SAR92_K02935,SAR92,K02935,Pro
K0293512,Verrucomicrobia_K02935,Verrucomicrobia,K02935,Pro
K0293513,Chromerida_K02935,Chromerida,K02935,Euk
K0293514,Bacillariophyta_K02935,Bacillariophyta,K02935,Euk
K0293515,Cercozoa_K02935,Cercozoa,K02935,Euk
K0293516,Cryptophyta_K02935,Cryptophyta,K02935,Euk
K0293517,Sarcomastigophora_K02935,Sarcomastigophora,K02935,Euk
K029941,Planctomycetes_K02994,Planctomycetes,K02994,Pro
K029942,Roseobacter_K02994,Roseobacter,K02994,Pro
K029943,SAR86_K02994,SAR86,K02994,Pro
K029944,SAR92_K02994,SAR92,K02994,Pro
K029945,Chromerida_K02994,Chromerida,K02994,Euk
K029946,Bacillariophyta_K02994,Bacillariophyta,K02994,Euk
K029947,Bicosoecida_K02994,Bicosoecida,K02994,Euk
K029948,Cercozoa_K02994,Cercozoa,K02994,Euk
K029949,Chlorophyta_K02994,Chlorophyta,K02994,Euk
K0299410,Cryptophyta_K02994,Cryptophyta,K02994,Euk
K0299411,Glaucophyta_K02994,Glaucophyta,K02994,Euk
K0299412,Haptophyta_K02994,Haptophyta,K02994,Euk
K0299413,Ochrophyta_K02994,Ochrophyta,K02994,Euk
K0299414,Rhodophyta_K02994,Rhodophyta,K02994,Euk
K0299415,Sarcomastigophora_K02994,Sarcomastigophora,K02994,Euk
K029921,--_K02992,--,K02992,Pro
K029922,Flavobacteriia_K02992,Flavobacteriia,K02992,Pro
K029923,Marinimicrobia_K02992,Marinimicrobia,K02992,Pro
K029924,Other Alphaproteobacteria_K02992,Other Alphaproteobacteria,K02992,Pro
K029925,Other Gammaproteobacteria_K02992,Other Gammaproteobacteria,K02992,Pro
K029926,Roseobacter_K02992,Roseobacter,K02992,Pro
K029927,SAR11_K02992,SAR11,K02992,Pro
K029928,SAR86_K02992,SAR86,K02992,Pro
K029929,SAR92_K02992,SAR92,K02992,Pro
K0299210,Chromerida_K02992,Chromerida,K02992,Euk
K0299211,Bacillariophyta_K02992,Bacillariophyta,K02992,Euk
K0299212,Bicosoecida_K02992,Bicosoecida,K02992,Euk
K0299213,Cercozoa_K02992,Cercozoa,K02992,Euk
K0299214,Chlorophyta_K02992,Chlorophyta,K02992,Euk
K0299215,Cryptophyta_K02992,Cryptophyta,K02992,Euk
K0299216,Euglenozoa_K02992,Euglenozoa,K02992,Euk
K0299217,Glaucophyta_K02992,Glaucophyta,K02992,Euk
K0299218,Ochrophyta_K02992,Ochrophyta,K02992,Euk
K0299219,Rhodophyta_K02992,Rhodophyta,K02992,Euk
K0299220,Sarcomastigophora_K02992,Sarcomastigophora,K02992,Euk
K029041,OM60/NOR5_K02904,OM60/NOR5,K02904,Pro
K029042,Chromerida_K02904,Chromerida,K02904,Euk
K029043,Bacillariophyta_K02904,Bacillariophyta,K02904,Euk
K029044,Bicosoecida_K02904,Bicosoecida,K02904,Euk
K029045,Chlorophyta_K02904,Chlorophyta,K02904,Euk
K029046,Cryptophyta_K02904,Cryptophyta,K02904,Euk
K029047,Ochrophyta_K02904,Ochrophyta,K02904,Euk
K029048,Sarcomastigophora_K02904,Sarcomastigophora,K02904,Euk
K029361,Chromerida_K02936,Chromerida,K02936,Euk
K029362,Bacillariophyta_K02936,Bacillariophyta,K02936,Euk
K029363,Bicosoecida_K02936,Bicosoecida,K02936,Euk
K029364,Cercozoa_K02936,Cercozoa,K02936,Euk
K029365,Chlorophyta_K02936,Chlorophyta,K02936,Euk
K029366,Cryptophyta_K02936,Cryptophyta,K02936,Euk
K029367,Glaucophyta_K02936,Glaucophyta,K02936,Euk
K029368,Ochrophyta_K02936,Ochrophyta,K02936,Euk
K029369,Rhodophyta_K02936,Rhodophyta,K02936,Euk
K0293610,Sarcomastigophora_K02936,Sarcomastigophora,K02936,Euk
K028781,Crocosphaera_K02878,Crocosphaera,K02878,Pro
K028782,Cyanothece_K02878,Cyanothece,K02878,Pro
K028783,Other Alphaproteobacteria_K02878,Other Alphaproteobacteria,K02878,Pro
K028784,Other Bacteroidetes_K02878,Other Bacteroidetes,K02878,Pro
K028785,Planctomycetes_K02878,Planctomycetes,K02878,Pro
K028786,Roseobacter_K02878,Roseobacter,K02878,Pro
K028787,SAR116_K02878,SAR116,K02878,Pro
K028788,SAR86_K02878,SAR86,K02878,Pro
K028789,SAR92_K02878,SAR92,K02878,Pro
K0287810,Bacillariophyta_K02878,Bacillariophyta,K02878,Euk
K0287811,Chlorophyta_K02878,Chlorophyta,K02878,Euk
K0287812,Cryptophyta_K02878,Cryptophyta,K02878,Euk
K0287813,Haptophyta_K02878,Haptophyta,K02878,Euk
K0287814,Ochrophyta_K02878,Ochrophyta,K02878,Euk
K0287815,Rhodophyta_K02878,Rhodophyta,K02878,Euk
K0287816,Sarcomastigophora_K02878,Sarcomastigophora,K02878,Euk
K018741,Crocosphaera_K01874,Crocosphaera,K01874,Pro
K018742,Flavobacteriia_K01874,Flavobacteriia,K01874,Pro
K018743,SAR86_K01874,SAR86,K01874,Pro
K018744,Chromerida_K01874,Chromerida,K01874,Euk
K018745,Bacillariophyta_K01874,Bacillariophyta,K01874,Euk
K018746,Bicosoecida_K01874,Bicosoecida,K01874,Euk
K018747,Cercozoa_K01874,Cercozoa,K01874,Euk
K018748,Chlorophyta_K01874,Chlorophyta,K01874,Euk
K018749,Cryptophyta_K01874,Cryptophyta,K01874,Euk
K0187410,Euglenozoa_K01874,Euglenozoa,K01874,Euk
K0187411,Glaucophyta_K01874,Glaucophyta,K01874,Euk
K0187412,Ochrophyta_K01874,Ochrophyta,K01874,Euk
K0187413,Rhodophyta_K01874,Rhodophyta,K01874,Euk
K0187414,Sarcomastigophora_K01874,Sarcomastigophora,K01874,Euk
K029261,Actinobacteria_K02926,Actinobacteria,K02926,Pro
K029262,Firmicutes_K02926,Firmicutes,K02926,Pro
K029263,Flavobacteriia_K02926,Flavobacteriia,K02926,Pro
K029264,Other Alphaproteobacteria_K02926,Other Alphaproteobacteria,K02926,Pro
K029265,Other Bacteroidetes_K02926,Other Bacteroidetes,K02926,Pro
K029266,Other Gammaproteobacteria_K02926,Other Gammaproteobacteria,K02926,Pro
K029267,SAR324_K02926,SAR324,K02926,Pro
K029268,SAR92_K02926,SAR92,K02926,Pro
K029269,Bacillariophyta_K02926,Bacillariophyta,K02926,Euk
K0292610,Cercozoa_K02926,Cercozoa,K02926,Euk
K0292611,Chlorophyta_K02926,Chlorophyta,K02926,Euk
K0292612,Cryptophyta_K02926,Cryptophyta,K02926,Euk
K0292613,Euglenozoa_K02926,Euglenozoa,K02926,Euk
K0292614,Glaucophyta_K02926,Glaucophyta,K02926,Euk
K0292615,Ochrophyta_K02926,Ochrophyta,K02926,Euk
K0292616,Rhodophyta_K02926,Rhodophyta,K02926,Euk
K0292617,Sarcomastigophora_K02926,Sarcomastigophora,K02926,Euk
K029961,--_K02996,--,K02996,Pro
K029962,Crocosphaera_K02996,Crocosphaera,K02996,Pro
K029963,Other Alphaproteobacteria_K02996,Other Alphaproteobacteria,K02996,Pro
K029964,Other Gammaproteobacteria_K02996,Other Gammaproteobacteria,K02996,Pro
K029965,SAR86_K02996,SAR86,K02996,Pro
K029966,Dinophyta_K02996,Dinophyta,K02996,Euk
K029967,Bacillariophyta_K02996,Bacillariophyta,K02996,Euk
K029968,Bicosoecida_K02996,Bicosoecida,K02996,Euk
K029969,Cercozoa_K02996,Cercozoa,K02996,Euk
K0299610,Chlorarachniophyta_K02996,Chlorarachniophyta,K02996,Euk
K0299611,Chlorophyta_K02996,Chlorophyta,K02996,Euk
K0299612,Cryptophyta_K02996,Cryptophyta,K02996,Euk
K0299613,Glaucophyta_K02996,Glaucophyta,K02996,Euk
K0299614,Haptophyta_K02996,Haptophyta,K02996,Euk
K0299615,Ochrophyta_K02996,Ochrophyta,K02996,Euk
K0299616,Rhodophyta_K02996,Rhodophyta,K02996,Euk
K0299617,Sarcomastigophora_K02996,Sarcomastigophora,K02996,Euk
K028861,Actinobacteria_K02886,Actinobacteria,K02886,Pro
K028862,Chloroflexi_K02886,Chloroflexi,K02886,Pro
K028863,Flavobacteriia_K02886,Flavobacteriia,K02886,Pro
K028864,OM60/NOR5_K02886,OM60/NOR5,K02886,Pro
K028865,Other Bacteroidetes_K02886,Other Bacteroidetes,K02886,Pro
K028866,SAR11_K02886,SAR11,K02886,Pro
K028867,SAR11-like_K02886,SAR11-like,K02886,Pro
K028868,SAR116_K02886,SAR116,K02886,Pro
K028869,SAR324_K02886,SAR324,K02886,Pro
K0288610,SAR86_K02886,SAR86,K02886,Pro
K0288611,Dinophyta_K02886,Dinophyta,K02886,Euk
K0288612,Chromerida_K02886,Chromerida,K02886,Euk
K0288613,Bicosoecida_K02886,Bicosoecida,K02886,Euk
K0288614,Cercozoa_K02886,Cercozoa,K02886,Euk
K0288615,Chlorarachniophyta_K02886,Chlorarachniophyta,K02886,Euk
K0288616,Chlorophyta_K02886,Chlorophyta,K02886,Euk
K0288617,Cryptophyta_K02886,Cryptophyta,K02886,Euk
K0288618,Euglenozoa_K02886,Euglenozoa,K02886,Euk
K0288619,Glaucophyta_K02886,Glaucophyta,K02886,Euk
K0288620,Rhodophyta_K02886,Rhodophyta,K02886,Euk
K0288621,Sarcomastigophora_K02886,Sarcomastigophora,K02886,Euk
K028791,Flavobacteriia_K02879,Flavobacteriia,K02879,Pro
K028792,Other Alphaproteobacteria_K02879,Other Alphaproteobacteria,K02879,Pro
K028793,SAR11_K02879,SAR11,K02879,Pro
K028794,SAR324_K02879,SAR324,K02879,Pro
K028795,SAR86_K02879,SAR86,K02879,Pro
K028796,SAR92_K02879,SAR92,K02879,Pro
K028797,Dinophyta_K02879,Dinophyta,K02879,Euk
K028798,Bicosoecida_K02879,Bicosoecida,K02879,Euk
K028799,Chlorophyta_K02879,Chlorophyta,K02879,Euk
K0287910,Cryptophyta_K02879,Cryptophyta,K02879,Euk
K0287911,Ochrophyta_K02879,Ochrophyta,K02879,Euk
K0287912,Rhodophyta_K02879,Rhodophyta,K02879,Euk
K0287913,Sarcomastigophora_K02879,Sarcomastigophora,K02879,Euk
K044881,OM60/NOR5_K04488,OM60/NOR5,K04488,Pro
K044882,Other Alphaproteobacteria_K04488,Other Alphaproteobacteria,K04488,Pro
K044883,Other Gammaproteobacteria_K04488,Other Gammaproteobacteria,K04488,Pro
K044884,SAR324_K04488,SAR324,K04488,Pro
K044885,SAR86_K04488,SAR86,K04488,Pro
K044886,Dinophyta_K04488,Dinophyta,K04488,Euk
K044887,Bicosoecida_K04488,Bicosoecida,K04488,Euk
K044888,Chlorophyta_K04488,Chlorophyta,K04488,Euk
K044889,Cryptophyta_K04488,Cryptophyta,K04488,Euk
K0448810,Ochrophyta_K04488,Ochrophyta,K04488,Euk
K0448811,Rhodophyta_K04488,Rhodophyta,K04488,Euk
K0448812,Sarcomastigophora_K04488,Sarcomastigophora,K04488,Euk
K002651,Roseobacter_K00265,Roseobacter,K00265,Pro
K002652,SAR86_K00265,SAR86,K00265,Pro
K002653,SAR92_K00265,SAR92,K00265,Pro
K002654,Dinophyta_K00265,Dinophyta,K00265,Euk
K002655,Chromerida_K00265,Chromerida,K00265,Euk
K002656,Cercozoa_K00265,Cercozoa,K00265,Euk
K002657,Chlorarachniophyta_K00265,Chlorarachniophyta,K00265,Euk
K002658,Chlorophyta_K00265,Chlorophyta,K00265,Euk
K002659,Cryptophyta_K00265,Cryptophyta,K00265,Euk
K0026510,Euglenozoa_K00265,Euglenozoa,K00265,Euk
K0026511,Glaucophyta_K00265,Glaucophyta,K00265,Euk
K0026512,Ochrophyta_K00265,Ochrophyta,K00265,Euk
K0026513,Rhodophyta_K00265,Rhodophyta,K00265,Euk
K0026514,Sarcomastigophora_K00265,Sarcomastigophora,K00265,Euk
K002841,Flavobacteriia_K00284,Flavobacteriia,K00284,Pro
K002842,Other Gammaproteobacteria_K00284,Other Gammaproteobacteria,K00284,Pro
K002843,Dinophyta_K00284,Dinophyta,K00284,Euk
K002844,Chromerida_K00284,Chromerida,K00284,Euk
K002845,Cercozoa_K00284,Cercozoa,K00284,Euk
K002846,Chlorarachniophyta_K00284,Chlorarachniophyta,K00284,Euk
K002847,Chlorophyta_K00284,Chlorophyta,K00284,Euk
K002848,Cryptophyta_K00284,Cryptophyta,K00284,Euk
K002849,Euglenozoa_K00284,Euglenozoa,K00284,Euk
K0028410,Glaucophyta_K00284,Glaucophyta,K00284,Euk
K0028411,Ochrophyta_K00284,Ochrophyta,K00284,Euk
K0028412,Rhodophyta_K00284,Rhodophyta,K00284,Euk
K0028413,Sarcomastigophora_K00284,Sarcomastigophora,K00284,Euk
K003241,Marinimicrobia_K00324,Marinimicrobia,K00324,Pro
K003242,Other Gammaproteobacteria_K00324,Other Gammaproteobacteria,K00324,Pro
K003243,SAR11-like_K00324,SAR11-like,K00324,Pro
K003244,SAR116_K00324,SAR116,K00324,Pro
K003245,SAR86_K00324,SAR86,K00324,Pro
K003246,Dinophyta_K00324,Dinophyta,K00324,Euk
K003247,Chromerida_K00324,Chromerida,K00324,Euk
K003248,Bicosoecida_K00324,Bicosoecida,K00324,Euk
K003249,Cercozoa_K00324,Cercozoa,K00324,Euk
K0032410,Chlorarachniophyta_K00324,Chlorarachniophyta,K00324,Euk
K0032411,Chlorophyta_K00324,Chlorophyta,K00324,Euk
K0032412,Cryptophyta_K00324,Cryptophyta,K00324,Euk
K0032413,Euglenozoa_K00324,Euglenozoa,K00324,Euk
K0032414,Glaucophyta_K00324,Glaucophyta,K00324,Euk
K0032415,Ochrophyta_K00324,Ochrophyta,K00324,Euk
K0032416,Rhodophyta_K00324,Rhodophyta,K00324,Euk
K0032417,Sarcomastigophora_K00324,Sarcomastigophora,K00324,Euk
K003251,Other Alphaproteobacteria_K00325,Other Alphaproteobacteria,K00325,Pro
K003252,Other Gammaproteobacteria_K00325,Other Gammaproteobacteria,K00325,Pro
K003253,SAR11-like_K00325,SAR11-like,K00325,Pro
K003254,Dinophyta_K00325,Dinophyta,K00325,Euk
K003255,Chromerida_K00325,Chromerida,K00325,Euk
K003256,Bicosoecida_K00325,Bicosoecida,K00325,Euk
K003257,Cercozoa_K00325,Cercozoa,K00325,Euk
K003258,Chlorophyta_K00325,Chlorophyta,K00325,Euk
K003259,Cryptophyta_K00325,Cryptophyta,K00325,Euk
K0032510,Euglenozoa_K00325,Euglenozoa,K00325,Euk
K0032511,Glaucophyta_K00325,Glaucophyta,K00325,Euk
K0032512,Rhodophyta_K00325,Rhodophyta,K00325,Euk
K0032513,Sarcomastigophora_K00325,Sarcomastigophora,K00325,Euk
K029021,Flavobacteriia_K02902,Flavobacteriia,K02902,Pro
K029022,SAR86_K02902,SAR86,K02902,Pro
K029023,SAR92_K02902,SAR92,K02902,Pro
K029024,Dinophyta_K02902,Dinophyta,K02902,Euk
K029025,Cercozoa_K02902,Cercozoa,K02902,Euk
K029026,Chlorophyta_K02902,Chlorophyta,K02902,Euk
K029027,Cryptophyta_K02902,Cryptophyta,K02902,Euk
K029028,Ochrophyta_K02902,Ochrophyta,K02902,Euk
K029029,Rhodophyta_K02902,Rhodophyta,K02902,Euk
K0290210,Sarcomastigophora_K02902,Sarcomastigophora,K02902,Euk
K028761,Crocosphaera_K02876,Crocosphaera,K02876,Pro
K028762,Euryarchaeota_K02876,Euryarchaeota,K02876,Pro
K028763,High-light Pro_K02876,High-light Pro,K02876,Pro
K028764,Other Gammaproteobacteria_K02876,Other Gammaproteobacteria,K02876,Pro
K028765,Planctomycetes_K02876,Planctomycetes,K02876,Pro
K028766,SAR86_K02876,SAR86,K02876,Pro
K028767,SAR92_K02876,SAR92,K02876,Pro
K028768,Dinophyta_K02876,Dinophyta,K02876,Euk
K028769,Chlorophyta_K02876,Chlorophyta,K02876,Euk
K0287610,Cryptophyta_K02876,Cryptophyta,K02876,Euk
K0287611,Euglenozoa_K02876,Euglenozoa,K02876,Euk
K0287612,Ochrophyta_K02876,Ochrophyta,K02876,Euk
K0287613,Rhodophyta_K02876,Rhodophyta,K02876,Euk
K0287614,Sarcomastigophora_K02876,Sarcomastigophora,K02876,Euk
K019151,Flavobacteriia_K01915,Flavobacteriia,K01915,Pro
K019152,High-light Pro_K01915,High-light Pro,K01915,Pro
K019153,Marinimicrobia_K01915,Marinimicrobia,K01915,Pro
K019154,SAR11_K01915,SAR11,K01915,Pro
K019155,SAR11-like_K01915,SAR11-like,K01915,Pro
K019156,SAR116_K01915,SAR116,K01915,Pro
K019157,SAR86_K01915,SAR86,K01915,Pro
K019158,SAR92_K01915,SAR92,K01915,Pro
K019159,Dinophyta_K01915,Dinophyta,K01915,Euk
K0191510,Bicosoecida_K01915,Bicosoecida,K01915,Euk
K0191511,Cercozoa_K01915,Cercozoa,K01915,Euk
K0191512,Chlorarachniophyta_K01915,Chlorarachniophyta,K01915,Euk
K0191513,Chlorophyta_K01915,Chlorophyta,K01915,Euk
K0191514,Euglenozoa_K01915,Euglenozoa,K01915,Euk
K0191515,Glaucophyta_K01915,Glaucophyta,K01915,Euk
K0191516,Rhodophyta_K01915,Rhodophyta,K01915,Euk
K0191517,Sarcomastigophora_K01915,Sarcomastigophora,K01915,Euk
K125731,Crocosphaera_K12573,Crocosphaera,K12573,Pro
K125732,SAR92_K12573,SAR92,K12573,Pro
K125733,Dinophyta_K12573,Dinophyta,K12573,Euk
K125734,Bicosoecida_K12573,Bicosoecida,K12573,Euk
K125735,Cercozoa_K12573,Cercozoa,K12573,Euk
K125736,Chlorophyta_K12573,Chlorophyta,K12573,Euk
K125737,Cryptophyta_K12573,Cryptophyta,K12573,Euk
K125738,Euglenozoa_K12573,Euglenozoa,K12573,Euk
K125739,Glaucophyta_K12573,Glaucophyta,K12573,Euk
K1257310,Haptophyta_K12573,Haptophyta,K12573,Euk
K1257311,Ochrophyta_K12573,Ochrophyta,K12573,Euk
K1257312,Rhodophyta_K12573,Rhodophyta,K12573,Euk
K1257313,Sarcomastigophora_K12573,Sarcomastigophora,K12573,Euk
K002661,OM60/NOR5_K00266,OM60/NOR5,K00266,Pro
K002662,Other Alphaproteobacteria_K00266,Other Alphaproteobacteria,K00266,Pro
K002663,SAR11_K00266,SAR11,K00266,Pro
K002664,SAR324_K00266,SAR324,K00266,Pro
K002665,SAR86_K00266,SAR86,K00266,Pro
K002666,Dinophyta_K00266,Dinophyta,K00266,Euk
K002667,Chromerida_K00266,Chromerida,K00266,Euk
K002668,Cercozoa_K00266,Cercozoa,K00266,Euk
K002669,Chlorarachniophyta_K00266,Chlorarachniophyta,K00266,Euk
K0026610,Chlorophyta_K00266,Chlorophyta,K00266,Euk
K0026611,Euglenozoa_K00266,Euglenozoa,K00266,Euk
K0026612,Glaucophyta_K00266,Glaucophyta,K00266,Euk
K0026613,Ochrophyta_K00266,Ochrophyta,K00266,Euk
K0026614,Rhodophyta_K00266,Rhodophyta,K00266,Euk
K029451,Actinobacteria_K02945,Actinobacteria,K02945,Pro
K029452,Firmicutes_K02945,Firmicutes,K02945,Pro
K029453,Flavobacteriia_K02945,Flavobacteriia,K02945,Pro
K029454,High-light Pro_K02945,High-light Pro,K02945,Pro
K029455,Marinimicrobia_K02945,Marinimicrobia,K02945,Pro
K029456,Other Alphaproteobacteria_K02945,Other Alphaproteobacteria,K02945,Pro
K029457,Other Bacteroidetes_K02945,Other Bacteroidetes,K02945,Pro
K029458,Other Gammaproteobacteria_K02945,Other Gammaproteobacteria,K02945,Pro
K029459,SAR324_K02945,SAR324,K02945,Pro
K0294510,SAR86_K02945,SAR86,K02945,Pro
K0294511,SAR92_K02945,SAR92,K02945,Pro
K0294512,Dinophyta_K02945,Dinophyta,K02945,Euk
K0294513,Chromerida_K02945,Chromerida,K02945,Euk
K0294514,Cercozoa_K02945,Cercozoa,K02945,Euk
K0294515,Chlorarachniophyta_K02945,Chlorarachniophyta,K02945,Euk
K0294516,Chlorophyta_K02945,Chlorophyta,K02945,Euk
K0294517,Cryptophyta_K02945,Cryptophyta,K02945,Euk
K0294518,Euglenozoa_K02945,Euglenozoa,K02945,Euk
K0294519,Glaucophyta_K02945,Glaucophyta,K02945,Euk
K0294520,Ochrophyta_K02945,Ochrophyta,K02945,Euk
K0294521,Rhodophyta_K02945,Rhodophyta,K02945,Euk
K0294522,Sarcomastigophora_K02945,Sarcomastigophora,K02945,Euk
K029881,--_K02988,--,K02988,Pro
K029882,Flavobacteriia_K02988,Flavobacteriia,K02988,Pro
K029883,OM60/NOR5_K02988,OM60/NOR5,K02988,Pro
K029884,Other Alphaproteobacteria_K02988,Other Alphaproteobacteria,K02988,Pro
K029885,Other Gammaproteobacteria_K02988,Other Gammaproteobacteria,K02988,Pro
K029886,SAR86_K02988,SAR86,K02988,Pro
K029887,SAR92_K02988,SAR92,K02988,Pro
K029888,Dinophyta_K02988,Dinophyta,K02988,Euk
K029889,Bicosoecida_K02988,Bicosoecida,K02988,Euk
K0298810,Cercozoa_K02988,Cercozoa,K02988,Euk
K0298811,Chlorarachniophyta_K02988,Chlorarachniophyta,K02988,Euk
K0298812,Chlorophyta_K02988,Chlorophyta,K02988,Euk
K0298813,Cryptophyta_K02988,Cryptophyta,K02988,Euk
K0298814,Euglenozoa_K02988,Euglenozoa,K02988,Euk
K0298815,Glaucophyta_K02988,Glaucophyta,K02988,Euk
K0298816,Ochrophyta_K02988,Ochrophyta,K02988,Euk
K0298817,Rhodophyta_K02988,Rhodophyta,K02988,Euk
K0298818,Sarcomastigophora_K02988,Sarcomastigophora,K02988,Euk
K029701,--_K02970,--,K02970,Pro
K029702,Firmicutes_K02970,Firmicutes,K02970,Pro
K029703,Roseobacter_K02970,Roseobacter,K02970,Pro
K029704,SAR116_K02970,SAR116,K02970,Pro
K029705,SAR86_K02970,SAR86,K02970,Pro
K029706,SAR92_K02970,SAR92,K02970,Pro
K029707,Chlorophyta_K02970,Chlorophyta,K02970,Euk
K029708,Cryptophyta_K02970,Cryptophyta,K02970,Euk
K029709,Ochrophyta_K02970,Ochrophyta,K02970,Euk
K0297010,Rhodophyta_K02970,Rhodophyta,K02970,Euk
K0297011,Sarcomastigophora_K02970,Sarcomastigophora,K02970,Euk
K029631,--_K02963,--,K02963,Pro
K029632,Flavobacteriia_K02963,Flavobacteriia,K02963,Pro
K029633,SAR86_K02963,SAR86,K02963,Pro
K029634,SAR92_K02963,SAR92,K02963,Pro
K029635,Dinophyta_K02963,Dinophyta,K02963,Euk
K029636,Bicosoecida_K02963,Bicosoecida,K02963,Euk
K029637,Chlorophyta_K02963,Chlorophyta,K02963,Euk
K029638,Glaucophyta_K02963,Glaucophyta,K02963,Euk
K029639,Haptophyta_K02963,Haptophyta,K02963,Euk
K0296310,Ochrophyta_K02963,Ochrophyta,K02963,Euk
K0296311,Rhodophyta_K02963,Rhodophyta,K02963,Euk
K125741,Crocosphaera_K12574,Crocosphaera,K12574,Pro
K125742,Cyanothece_K12574,Cyanothece,K12574,Pro
K125743,SAR11_K12574,SAR11,K12574,Pro
K125744,SAR11-like_K12574,SAR11-like,K12574,Pro
K125745,Dinophyta_K12574,Dinophyta,K12574,Euk
K125746,Cercozoa_K12574,Cercozoa,K12574,Euk
K125747,Chlorophyta_K12574,Chlorophyta,K12574,Euk
K125748,Cryptophyta_K12574,Cryptophyta,K12574,Euk
K025881,Dinophyta_K02588,Dinophyta,K02588,Euk
K025882,Chlorophyta_K02588,Chlorophyta,K02588,Euk
K025883,Cryptophyta_K02588,Cryptophyta,K02588,Euk
K025884,Ochrophyta_K02588,Ochrophyta,K02588,Euk
K025885,Rhodophyta_K02588,Rhodophyta,K02588,Euk
K025886,Sarcomastigophora_K02588,Sarcomastigophora,K02588,Euk
K029481,Crocosphaera_K02948,Crocosphaera,K02948,Pro
K029482,Flavobacteriia_K02948,Flavobacteriia,K02948,Pro
K029483,Marinimicrobia_K02948,Marinimicrobia,K02948,Pro
K029484,Other Alphaproteobacteria_K02948,Other Alphaproteobacteria,K02948,Pro
K029485,Other Bacteroidetes_K02948,Other Bacteroidetes,K02948,Pro
K029486,Planctomycetes_K02948,Planctomycetes,K02948,Pro
K029487,Roseobacter_K02948,Roseobacter,K02948,Pro
K029488,SAR11_K02948,SAR11,K02948,Pro
K029489,SAR116_K02948,SAR116,K02948,Pro
K0294810,SAR86_K02948,SAR86,K02948,Pro
K0294811,SAR92_K02948,SAR92,K02948,Pro
K0294812,Dinophyta_K02948,Dinophyta,K02948,Euk
K0294813,Chromerida_K02948,Chromerida,K02948,Euk
K0294814,Bacillariophyta_K02948,Bacillariophyta,K02948,Euk
K0294815,Cercozoa_K02948,Cercozoa,K02948,Euk
K0294816,Chlorarachniophyta_K02948,Chlorarachniophyta,K02948,Euk
K0294817,Chlorophyta_K02948,Chlorophyta,K02948,Euk
K0294818,Euglenozoa_K02948,Euglenozoa,K02948,Euk
K0294819,Glaucophyta_K02948,Glaucophyta,K02948,Euk
K0294820,Ochrophyta_K02948,Ochrophyta,K02948,Euk
K0294821,Rhodophyta_K02948,Rhodophyta,K02948,Euk
K0294822,Sarcomastigophora_K02948,Sarcomastigophora,K02948,Euk
K018831,Crocosphaera_K01883,Crocosphaera,K01883,Pro
K018832,Roseobacter_K01883,Roseobacter,K01883,Pro
K018833,SAR92_K01883,SAR92,K01883,Pro
K018834,Dinophyta_K01883,Dinophyta,K01883,Euk
K018835,Chromerida_K01883,Chromerida,K01883,Euk
K018836,Bacillariophyta_K01883,Bacillariophyta,K01883,Euk
K018837,Cercozoa_K01883,Cercozoa,K01883,Euk
K018838,Chlorarachniophyta_K01883,Chlorarachniophyta,K01883,Euk
K018839,Chlorophyta_K01883,Chlorophyta,K01883,Euk
K0188310,Euglenozoa_K01883,Euglenozoa,K01883,Euk
K0188311,Glaucophyta_K01883,Glaucophyta,K01883,Euk
K0188312,Ochrophyta_K01883,Ochrophyta,K01883,Euk
K0188313,Rhodophyta_K01883,Rhodophyta,K01883,Euk
K0188314,Sarcomastigophora_K01883,Sarcomastigophora,K01883,Euk
K040431,--_K04043,--,K04043,Pro
K040432,Crocosphaera_K04043,Crocosphaera,K04043,Pro
K040433,Eukaryota_K04043,Eukaryota,K04043,Pro
K040434,Flavobacteriia_K04043,Flavobacteriia,K04043,Pro
K040435,Marinimicrobia_K04043,Marinimicrobia,K04043,Pro
K040436,Other Bacteroidetes_K04043,Other Bacteroidetes,K04043,Pro
K040437,Roseobacter_K04043,Roseobacter,K04043,Pro
K040438,Synechococcus_K04043,Synechococcus,K04043,Pro
K040439,Dinophyta_K04043,Dinophyta,K04043,Euk
K0404310,Chromerida_K04043,Chromerida,K04043,Euk
K0404311,Bacillariophyta_K04043,Bacillariophyta,K04043,Euk
K0404312,Cercozoa_K04043,Cercozoa,K04043,Euk
K0404313,Chlorarachniophyta_K04043,Chlorarachniophyta,K04043,Euk
K0404314,Chlorophyta_K04043,Chlorophyta,K04043,Euk
K0404315,Cryptophyta_K04043,Cryptophyta,K04043,Euk
K0404316,Euglenozoa_K04043,Euglenozoa,K04043,Euk
K0404317,Glaucophyta_K04043,Glaucophyta,K04043,Euk
K0404318,Ochrophyta_K04043,Ochrophyta,K04043,Euk
K0404319,Rhodophyta_K04043,Rhodophyta,K04043,Euk
K0404320,Sarcomastigophora_K04043,Sarcomastigophora,K04043,Euk
K040441,Other Gammaproteobacteria_K04044,Other Gammaproteobacteria,K04044,Pro
K040442,Dinophyta_K04044,Dinophyta,K04044,Euk
K040443,Chromerida_K04044,Chromerida,K04044,Euk
K040444,Bacillariophyta_K04044,Bacillariophyta,K04044,Euk
K040445,Cercozoa_K04044,Cercozoa,K04044,Euk
K040446,Chlorarachniophyta_K04044,Chlorarachniophyta,K04044,Euk
K040447,Chlorophyta_K04044,Chlorophyta,K04044,Euk
K040448,Cryptophyta_K04044,Cryptophyta,K04044,Euk
K040449,Euglenozoa_K04044,Euglenozoa,K04044,Euk
K0404410,Glaucophyta_K04044,Glaucophyta,K04044,Euk
K0404411,Ochrophyta_K04044,Ochrophyta,K04044,Euk
K0404412,Rhodophyta_K04044,Rhodophyta,K04044,Euk
K0404413,Sarcomastigophora_K04044,Sarcomastigophora,K04044,Euk
K040791,Actinobacteria_K04079,Actinobacteria,K04079,Pro
K040792,Eukaryota_K04079,Eukaryota,K04079,Pro
K040793,Flavobacteriia_K04079,Flavobacteriia,K04079,Pro
K040794,Roseobacter_K04079,Roseobacter,K04079,Pro
K040795,SAR11-like_K04079,SAR11-like,K04079,Pro
K040796,SAR86_K04079,SAR86,K04079,Pro
K040797,Dinophyta_K04079,Dinophyta,K04079,Euk
K040798,Chromerida_K04079,Chromerida,K04079,Euk
K040799,Bacillariophyta_K04079,Bacillariophyta,K04079,Euk
K0407910,Cercozoa_K04079,Cercozoa,K04079,Euk
K0407911,Chlorarachniophyta_K04079,Chlorarachniophyta,K04079,Euk
K0407912,Chlorophyta_K04079,Chlorophyta,K04079,Euk
K0407913,Cryptophyta_K04079,Cryptophyta,K04079,Euk
K0407914,Euglenozoa_K04079,Euglenozoa,K04079,Euk
K0407915,Glaucophyta_K04079,Glaucophyta,K04079,Euk
K0407916,Rhodophyta_K04079,Rhodophyta,K04079,Euk
K0407917,Sarcomastigophora_K04079,Sarcomastigophora,K04079,Euk
K028631,Flavobacteriia_K02863,Flavobacteriia,K02863,Pro
K028632,OM60/NOR5_K02863,OM60/NOR5,K02863,Pro
K028633,Other Bacteroidetes_K02863,Other Bacteroidetes,K02863,Pro
K028634,Other Gammaproteobacteria_K02863,Other Gammaproteobacteria,K02863,Pro
K028635,Roseobacter_K02863,Roseobacter,K02863,Pro
K028636,SAR116_K02863,SAR116,K02863,Pro
K028637,SAR86_K02863,SAR86,K02863,Pro
K028638,SAR92_K02863,SAR92,K02863,Pro
K028639,Dinophyta_K02863,Dinophyta,K02863,Euk
K0286310,Bacillariophyta_K02863,Bacillariophyta,K02863,Euk
K0286311,Chlorarachniophyta_K02863,Chlorarachniophyta,K02863,Euk
K0286312,Chlorophyta_K02863,Chlorophyta,K02863,Euk
K0286313,Cryptophyta_K02863,Cryptophyta,K02863,Euk
K0286314,Euglenozoa_K02863,Euglenozoa,K02863,Euk
K0286315,Glaucophyta_K02863,Glaucophyta,K02863,Euk
K0286316,Ochrophyta_K02863,Ochrophyta,K02863,Euk
K0286317,Rhodophyta_K02863,Rhodophyta,K02863,Euk
K0286318,Sarcomastigophora_K02863,Sarcomastigophora,K02863,Euk
K018721,Other Alphaproteobacteria_K01872,Other Alphaproteobacteria,K01872,Pro
K018722,Other Bacteroidetes_K01872,Other Bacteroidetes,K01872,Pro
K018723,SAR11_K01872,SAR11,K01872,Pro
K018724,SAR92_K01872,SAR92,K01872,Pro
K018725,Dinophyta_K01872,Dinophyta,K01872,Euk
K018726,Chromerida_K01872,Chromerida,K01872,Euk
K018727,Bacillariophyta_K01872,Bacillariophyta,K01872,Euk
K018728,Bicosoecida_K01872,Bicosoecida,K01872,Euk
K018729,Chlorarachniophyta_K01872,Chlorarachniophyta,K01872,Euk
K0187210,Chlorophyta_K01872,Chlorophyta,K01872,Euk
K0187211,Cryptophyta_K01872,Cryptophyta,K01872,Euk
K0187212,Euglenozoa_K01872,Euglenozoa,K01872,Euk
K0187213,Glaucophyta_K01872,Glaucophyta,K01872,Euk
K0187214,Haptophyta_K01872,Haptophyta,K01872,Euk
K0187215,Ochrophyta_K01872,Ochrophyta,K01872,Euk
K0187216,Rhodophyta_K01872,Rhodophyta,K01872,Euk
K0187217,Sarcomastigophora_K01872,Sarcomastigophora,K01872,Euk
K029671,Firmicutes_K02967,Firmicutes,K02967,Pro
K029672,Flavobacteriia_K02967,Flavobacteriia,K02967,Pro
K029673,Marinimicrobia_K02967,Marinimicrobia,K02967,Pro
K029674,Other Bacteroidetes_K02967,Other Bacteroidetes,K02967,Pro
K029675,Other Gammaproteobacteria_K02967,Other Gammaproteobacteria,K02967,Pro
K029676,Roseobacter_K02967,Roseobacter,K02967,Pro
K029677,SAR86_K02967,SAR86,K02967,Pro
K029678,SAR92_K02967,SAR92,K02967,Pro
K029679,Dinophyta_K02967,Dinophyta,K02967,Euk
K0296710,Chromerida_K02967,Chromerida,K02967,Euk
K0296711,Bacillariophyta_K02967,Bacillariophyta,K02967,Euk
K0296712,Bicosoecida_K02967,Bicosoecida,K02967,Euk
K0296713,Chlorophyta_K02967,Chlorophyta,K02967,Euk
K0296714,Cryptophyta_K02967,Cryptophyta,K02967,Euk
K0296715,Euglenozoa_K02967,Euglenozoa,K02967,Euk
K0296716,Glaucophyta_K02967,Glaucophyta,K02967,Euk
K0296717,Haptophyta_K02967,Haptophyta,K02967,Euk
K0296718,Ochrophyta_K02967,Ochrophyta,K02967,Euk
K0296719,Rhodophyta_K02967,Rhodophyta,K02967,Euk
K0296720,Sarcomastigophora_K02967,Sarcomastigophora,K02967,Euk
K029861,Crocosphaera_K02986,Crocosphaera,K02986,Pro
K029862,Firmicutes_K02986,Firmicutes,K02986,Pro
K029863,Other Alphaproteobacteria_K02986,Other Alphaproteobacteria,K02986,Pro
K029864,Other Gammaproteobacteria_K02986,Other Gammaproteobacteria,K02986,Pro
K029865,Roseobacter_K02986,Roseobacter,K02986,Pro
K029866,SAR11_K02986,SAR11,K02986,Pro
K029867,SAR11-like_K02986,SAR11-like,K02986,Pro
K029868,SAR116_K02986,SAR116,K02986,Pro
K029869,SAR86_K02986,SAR86,K02986,Pro
K0298610,Dinophyta_K02986,Dinophyta,K02986,Euk
K0298611,Bacillariophyta_K02986,Bacillariophyta,K02986,Euk
K0298612,Bicosoecida_K02986,Bicosoecida,K02986,Euk
K0298613,Cercozoa_K02986,Cercozoa,K02986,Euk
K0298614,Chlorophyta_K02986,Chlorophyta,K02986,Euk
K0298615,Cryptophyta_K02986,Cryptophyta,K02986,Euk
K0298616,Euglenozoa_K02986,Euglenozoa,K02986,Euk
K0298617,Glaucophyta_K02986,Glaucophyta,K02986,Euk
K0298618,Haptophyta_K02986,Haptophyta,K02986,Euk
K0298619,Ochrophyta_K02986,Ochrophyta,K02986,Euk
K0298620,Rhodophyta_K02986,Rhodophyta,K02986,Euk
K0298621,Sarcomastigophora_K02986,Sarcomastigophora,K02986,Euk
K055921,High-light Pro_K05592,High-light Pro,K05592,Pro
K055922,SAR324_K05592,SAR324,K05592,Pro
K055923,Dinophyta_K05592,Dinophyta,K05592,Euk
K055924,Chromerida_K05592,Chromerida,K05592,Euk
K055925,Bacillariophyta_K05592,Bacillariophyta,K05592,Euk
K055926,Bicosoecida_K05592,Bicosoecida,K05592,Euk
K055927,Cercozoa_K05592,Cercozoa,K05592,Euk
K055928,Chlorarachniophyta_K05592,Chlorarachniophyta,K05592,Euk
K055929,Cryptophyta_K05592,Cryptophyta,K05592,Euk
K0559210,Euglenozoa_K05592,Euglenozoa,K05592,Euk
K0559211,Glaucophyta_K05592,Glaucophyta,K05592,Euk
K0559212,Ochrophyta_K05592,Ochrophyta,K05592,Euk
K0559213,Rhodophyta_K05592,Rhodophyta,K05592,Euk
K0559214,Sarcomastigophora_K05592,Sarcomastigophora,K05592,Euk
K029061,--_K02906,--,K02906,Pro
K029062,Flavobacteriia_K02906,Flavobacteriia,K02906,Pro
K029063,Other Gammaproteobacteria_K02906,Other Gammaproteobacteria,K02906,Pro
K029064,Roseobacter_K02906,Roseobacter,K02906,Pro
K029065,SAR11_K02906,SAR11,K02906,Pro
K029066,SAR86_K02906,SAR86,K02906,Pro
K029067,SAR92_K02906,SAR92,K02906,Pro
K029068,Dinophyta_K02906,Dinophyta,K02906,Euk
K029069,Chromerida_K02906,Chromerida,K02906,Euk
K0290610,Bacillariophyta_K02906,Bacillariophyta,K02906,Euk
K0290611,Bicosoecida_K02906,Bicosoecida,K02906,Euk
K0290612,Cercozoa_K02906,Cercozoa,K02906,Euk
K0290613,Chlorarachniophyta_K02906,Chlorarachniophyta,K02906,Euk
K0290614,Cryptophyta_K02906,Cryptophyta,K02906,Euk
K0290615,Glaucophyta_K02906,Glaucophyta,K02906,Euk
K0290616,Ochrophyta_K02906,Ochrophyta,K02906,Euk
K0290617,Rhodophyta_K02906,Rhodophyta,K02906,Euk
K0290618,Sarcomastigophora_K02906,Sarcomastigophora,K02906,Euk
K029161,Crocosphaera_K02916,Crocosphaera,K02916,Pro
K029162,Other Alphaproteobacteria_K02916,Other Alphaproteobacteria,K02916,Pro
K029163,Other Gammaproteobacteria_K02916,Other Gammaproteobacteria,K02916,Pro
K029164,Roseobacter_K02916,Roseobacter,K02916,Pro
K029165,SAR11_K02916,SAR11,K02916,Pro
K029166,SAR11-like_K02916,SAR11-like,K02916,Pro
K029167,SAR116_K02916,SAR116,K02916,Pro
K029168,SAR92_K02916,SAR92,K02916,Pro
K029169,Cercozoa_K02916,Cercozoa,K02916,Euk
K0291610,Ochrophyta_K02916,Ochrophyta,K02916,Euk
K018811,Flavobacteriia_K01881,Flavobacteriia,K01881,Pro
K018812,High-light Pro_K01881,High-light Pro,K01881,Pro
K018813,Other Alphaproteobacteria_K01881,Other Alphaproteobacteria,K01881,Pro
K018814,Other Gammaproteobacteria_K01881,Other Gammaproteobacteria,K01881,Pro
K018815,Roseobacter_K01881,Roseobacter,K01881,Pro
K018816,SAR11_K01881,SAR11,K01881,Pro
K018817,SAR86_K01881,SAR86,K01881,Pro
K018818,SAR92_K01881,SAR92,K01881,Pro
K018819,Dinophyta_K01881,Dinophyta,K01881,Euk
K0188110,Bacillariophyta_K01881,Bacillariophyta,K01881,Euk
K0188111,Bicosoecida_K01881,Bicosoecida,K01881,Euk
K0188112,Cercozoa_K01881,Cercozoa,K01881,Euk
K0188113,Chlorarachniophyta_K01881,Chlorarachniophyta,K01881,Euk
K0188114,Cryptophyta_K01881,Cryptophyta,K01881,Euk
K0188115,Euglenozoa_K01881,Euglenozoa,K01881,Euk
K0188116,Glaucophyta_K01881,Glaucophyta,K01881,Euk
K0188117,Haptophyta_K01881,Haptophyta,K01881,Euk
K0188118,Ochrophyta_K01881,Ochrophyta,K01881,Euk
K0188119,Rhodophyta_K01881,Rhodophyta,K01881,Euk
K0188120,Sarcomastigophora_K01881,Sarcomastigophora,K01881,Euk
K028991,--_K02899,--,K02899,Pro
K028992,Actinobacteria_K02899,Actinobacteria,K02899,Pro
K028993,Crocosphaera_K02899,Crocosphaera,K02899,Pro
K028994,Roseobacter_K02899,Roseobacter,K02899,Pro
K028995,SAR11_K02899,SAR11,K02899,Pro
K028996,SAR11-like_K02899,SAR11-like,K02899,Pro
K028997,SAR86_K02899,SAR86,K02899,Pro
K028998,SAR92_K02899,SAR92,K02899,Pro
K028999,Dinophyta_K02899,Dinophyta,K02899,Euk
K0289910,Bacillariophyta_K02899,Bacillariophyta,K02899,Euk
K0289911,Haptophyta_K02899,Haptophyta,K02899,Euk
K0289912,Ochrophyta_K02899,Ochrophyta,K02899,Euk
K0289913,Rhodophyta_K02899,Rhodophyta,K02899,Euk
K029871,Euryarchaeota_K02987,Euryarchaeota,K02987,Pro
K029872,Dinophyta_K02987,Dinophyta,K02987,Euk
K029873,Bacillariophyta_K02987,Bacillariophyta,K02987,Euk
K029874,Bicosoecida_K02987,Bicosoecida,K02987,Euk
K029875,Cercozoa_K02987,Cercozoa,K02987,Euk
K029876,Chlorarachniophyta_K02987,Chlorarachniophyta,K02987,Euk
K029877,Cryptophyta_K02987,Cryptophyta,K02987,Euk
K029878,Euglenozoa_K02987,Euglenozoa,K02987,Euk
K029879,Glaucophyta_K02987,Glaucophyta,K02987,Euk
K0298710,Haptophyta_K02987,Haptophyta,K02987,Euk
K0298711,Rhodophyta_K02987,Rhodophyta,K02987,Euk
K0298712,Sarcomastigophora_K02987,Sarcomastigophora,K02987,Euk
K083111,Dinophyta_K08311,Dinophyta,K08311,Euk
K083112,Bacillariophyta_K08311,Bacillariophyta,K08311,Euk
K083113,Bicosoecida_K08311,Bicosoecida,K08311,Euk
K083114,Cryptophyta_K08311,Cryptophyta,K08311,Euk
K083115,Rhodophyta_K08311,Rhodophyta,K08311,Euk
K083116,Sarcomastigophora_K08311,Sarcomastigophora,K08311,Euk
K028671,Flavobacteriia_K02867,Flavobacteriia,K02867,Pro
K028672,Other Alphaproteobacteria_K02867,Other Alphaproteobacteria,K02867,Pro
K028673,Other Gammaproteobacteria_K02867,Other Gammaproteobacteria,K02867,Pro
K028674,SAR11-like_K02867,SAR11-like,K02867,Pro
K028675,SAR116_K02867,SAR116,K02867,Pro
K028676,SAR86_K02867,SAR86,K02867,Pro
K028677,SAR92_K02867,SAR92,K02867,Pro
K028678,Dinophyta_K02867,Dinophyta,K02867,Euk
K028679,Bacillariophyta_K02867,Bacillariophyta,K02867,Euk
K0286710,Cryptophyta_K02867,Cryptophyta,K02867,Euk
K0286711,Glaucophyta_K02867,Glaucophyta,K02867,Euk
K0286712,Ochrophyta_K02867,Ochrophyta,K02867,Euk
K0286713,Rhodophyta_K02867,Rhodophyta,K02867,Euk
K0286714,Sarcomastigophora_K02867,Sarcomastigophora,K02867,Euk
K028871,Other Alphaproteobacteria_K02887,Other Alphaproteobacteria,K02887,Pro
K028872,Roseobacter_K02887,Roseobacter,K02887,Pro
K028873,SAR11_K02887,SAR11,K02887,Pro
K028874,SAR11-like_K02887,SAR11-like,K02887,Pro
K028875,SAR92_K02887,SAR92,K02887,Pro
K028876,Dinophyta_K02887,Dinophyta,K02887,Euk
K028877,Bacillariophyta_K02887,Bacillariophyta,K02887,Euk
K028878,Cryptophyta_K02887,Cryptophyta,K02887,Euk
K028879,Ochrophyta_K02887,Ochrophyta,K02887,Euk
K0288710,Rhodophyta_K02887,Rhodophyta,K02887,Euk
K0288711,Sarcomastigophora_K02887,Sarcomastigophora,K02887,Euk
K018751,Flavobacteriia_K01875,Flavobacteriia,K01875,Pro
K018752,SAR11-like_K01875,SAR11-like,K01875,Pro
K018753,SAR86_K01875,SAR86,K01875,Pro
K018754,SAR92_K01875,SAR92,K01875,Pro
K018755,Dinophyta_K01875,Dinophyta,K01875,Euk
K018756,Chromerida_K01875,Chromerida,K01875,Euk
K018757,Bacillariophyta_K01875,Bacillariophyta,K01875,Euk
K018758,Bicosoecida_K01875,Bicosoecida,K01875,Euk
K018759,Cercozoa_K01875,Cercozoa,K01875,Euk
K0187510,Chlorarachniophyta_K01875,Chlorarachniophyta,K01875,Euk
K0187511,Chlorophyta_K01875,Chlorophyta,K01875,Euk
K0187512,Glaucophyta_K01875,Glaucophyta,K01875,Euk
K0187513,Ochrophyta_K01875,Ochrophyta,K01875,Euk
K0187514,Sarcomastigophora_K01875,Sarcomastigophora,K01875,Euk
K024331,Crocosphaera_K02433,Crocosphaera,K02433,Pro
K024332,SAR11_K02433,SAR11,K02433,Pro
K024333,SAR116_K02433,SAR116,K02433,Pro
K024334,Dinophyta_K02433,Dinophyta,K02433,Euk
K024335,Bacillariophyta_K02433,Bacillariophyta,K02433,Euk
K024336,Bicosoecida_K02433,Bicosoecida,K02433,Euk
K024337,Cercozoa_K02433,Cercozoa,K02433,Euk
K024338,Chlorophyta_K02433,Chlorophyta,K02433,Euk
K024339,Cryptophyta_K02433,Cryptophyta,K02433,Euk
K0243310,Haptophyta_K02433,Haptophyta,K02433,Euk
K0243311,Ochrophyta_K02433,Ochrophyta,K02433,Euk
K0243312,Rhodophyta_K02433,Rhodophyta,K02433,Euk
K0243313,Sarcomastigophora_K02433,Sarcomastigophora,K02433,Euk
K018691,Firmicutes_K01869,Firmicutes,K01869,Pro
K018692,Flavobacteriia_K01869,Flavobacteriia,K01869,Pro
K018693,Marinimicrobia_K01869,Marinimicrobia,K01869,Pro
K018694,Roseobacter_K01869,Roseobacter,K01869,Pro
K018695,SAR86_K01869,SAR86,K01869,Pro
K018696,SAR92_K01869,SAR92,K01869,Pro
K018697,Dinophyta_K01869,Dinophyta,K01869,Euk
K018698,Chromerida_K01869,Chromerida,K01869,Euk
K018699,Bacillariophyta_K01869,Bacillariophyta,K01869,Euk
K0186910,Bicosoecida_K01869,Bicosoecida,K01869,Euk
K0186911,Cercozoa_K01869,Cercozoa,K01869,Euk
K0186912,Chlorarachniophyta_K01869,Chlorarachniophyta,K01869,Euk
K0186913,Chlorophyta_K01869,Chlorophyta,K01869,Euk
K0186914,Cryptophyta_K01869,Cryptophyta,K01869,Euk
K0186915,Euglenozoa_K01869,Euglenozoa,K01869,Euk
K0186916,Glaucophyta_K01869,Glaucophyta,K01869,Euk
K0186917,Rhodophyta_K01869,Rhodophyta,K01869,Euk
K0186918,Sarcomastigophora_K01869,Sarcomastigophora,K01869,Euk
K029521,Flavobacteriia_K02952,Flavobacteriia,K02952,Pro
K029522,Other Alphaproteobacteria_K02952,Other Alphaproteobacteria,K02952,Pro
K029523,Other Gammaproteobacteria_K02952,Other Gammaproteobacteria,K02952,Pro
K029524,SAR11_K02952,SAR11,K02952,Pro
K029525,SAR11-like_K02952,SAR11-like,K02952,Pro
K029526,SAR324_K02952,SAR324,K02952,Pro
K029527,SAR86_K02952,SAR86,K02952,Pro
K029528,Synechococcus_K02952,Synechococcus,K02952,Pro
K029529,Dinophyta_K02952,Dinophyta,K02952,Euk
K0295210,Bacillariophyta_K02952,Bacillariophyta,K02952,Euk
K0295211,Cercozoa_K02952,Cercozoa,K02952,Euk
K0295212,Chlorophyta_K02952,Chlorophyta,K02952,Euk
K0295213,Cryptophyta_K02952,Cryptophyta,K02952,Euk
K0295214,Glaucophyta_K02952,Glaucophyta,K02952,Euk
K0295215,Ochrophyta_K02952,Ochrophyta,K02952,Euk
K0295216,Rhodophyta_K02952,Rhodophyta,K02952,Euk
K0295217,Sarcomastigophora_K02952,Sarcomastigophora,K02952,Euk
K029311,Actinobacteria_K02931,Actinobacteria,K02931,Pro
K029312,Flavobacteriia_K02931,Flavobacteriia,K02931,Pro
K029313,Other Alphaproteobacteria_K02931,Other Alphaproteobacteria,K02931,Pro
K029314,Other Gammaproteobacteria_K02931,Other Gammaproteobacteria,K02931,Pro
K029315,SAR86_K02931,SAR86,K02931,Pro
K029316,SAR92_K02931,SAR92,K02931,Pro
K029317,Dinophyta_K02931,Dinophyta,K02931,Euk
K029318,Chromerida_K02931,Chromerida,K02931,Euk
K029319,Bacillariophyta_K02931,Bacillariophyta,K02931,Euk
K0293110,Bicosoecida_K02931,Bicosoecida,K02931,Euk
K0293111,Cercozoa_K02931,Cercozoa,K02931,Euk
K0293112,Chlorarachniophyta_K02931,Chlorarachniophyta,K02931,Euk
K0293113,Chlorophyta_K02931,Chlorophyta,K02931,Euk
K0293114,Cryptophyta_K02931,Cryptophyta,K02931,Euk
K0293115,Ochrophyta_K02931,Ochrophyta,K02931,Euk
K0293116,Sarcomastigophora_K02931,Sarcomastigophora,K02931,Euk
K040771,--_K04077,--,K04077,Pro
K040772,Actinobacteria_K04077,Actinobacteria,K04077,Pro
K040773,Chloroflexi_K04077,Chloroflexi,K04077,Pro
K040774,Flavobacteriia_K04077,Flavobacteriia,K04077,Pro
K040775,Other Alphaproteobacteria_K04077,Other Alphaproteobacteria,K04077,Pro
K040776,Other Bacteroidetes_K04077,Other Bacteroidetes,K04077,Pro
K040777,Planctomycetes_K04077,Planctomycetes,K04077,Pro
K040778,Dinophyta_K04077,Dinophyta,K04077,Euk
K040779,Chromerida_K04077,Chromerida,K04077,Euk
K0407710,Bacillariophyta_K04077,Bacillariophyta,K04077,Euk
K0407711,Bicosoecida_K04077,Bicosoecida,K04077,Euk
K0407712,Cercozoa_K04077,Cercozoa,K04077,Euk
K0407713,Chlorarachniophyta_K04077,Chlorarachniophyta,K04077,Euk
K0407714,Chlorophyta_K04077,Chlorophyta,K04077,Euk
K0407715,Cryptophyta_K04077,Cryptophyta,K04077,Euk
K0407716,Euglenozoa_K04077,Euglenozoa,K04077,Euk
K0407717,Glaucophyta_K04077,Glaucophyta,K04077,Euk
K0407718,Ochrophyta_K04077,Ochrophyta,K04077,Euk
K0407719,Rhodophyta_K04077,Rhodophyta,K04077,Euk
K0407720,Sarcomastigophora_K04077,Sarcomastigophora,K04077,Euk
K036861,Firmicutes_K03686,Firmicutes,K03686,Pro
K036862,Flavobacteriia_K03686,Flavobacteriia,K03686,Pro
K036863,High-light Pro_K03686,High-light Pro,K03686,Pro
K036864,Dinophyta_K03686,Dinophyta,K03686,Euk
K036865,Chromerida_K03686,Chromerida,K03686,Euk
K036866,Bacillariophyta_K03686,Bacillariophyta,K03686,Euk
K036867,Bicosoecida_K03686,Bicosoecida,K03686,Euk
K036868,Cercozoa_K03686,Cercozoa,K03686,Euk
K036869,Chlorarachniophyta_K03686,Chlorarachniophyta,K03686,Euk
K0368610,Chlorophyta_K03686,Chlorophyta,K03686,Euk
K0368611,Cryptophyta_K03686,Cryptophyta,K03686,Euk
K0368612,Euglenozoa_K03686,Euglenozoa,K03686,Euk
K0368613,Glaucophyta_K03686,Glaucophyta,K03686,Euk
K0368614,Ochrophyta_K03686,Ochrophyta,K03686,Euk
K0368615,Rhodophyta_K03686,Rhodophyta,K03686,Euk
K0368616,Sarcomastigophora_K03686,Sarcomastigophora,K03686,Euk
K029911,Euryarchaeota_K02991,Euryarchaeota,K02991,Pro
K029912,Dinophyta_K02991,Dinophyta,K02991,Euk
K029913,Chromerida_K02991,Chromerida,K02991,Euk
K029914,Bacillariophyta_K02991,Bacillariophyta,K02991,Euk
K029915,Bicosoecida_K02991,Bicosoecida,K02991,Euk
K029916,Cercozoa_K02991,Cercozoa,K02991,Euk
K029917,Chlorophyta_K02991,Chlorophyta,K02991,Euk
K029918,Cryptophyta_K02991,Cryptophyta,K02991,Euk
K029919,Euglenozoa_K02991,Euglenozoa,K02991,Euk
K0299110,Glaucophyta_K02991,Glaucophyta,K02991,Euk
K0299111,Ochrophyta_K02991,Ochrophyta,K02991,Euk
K0299112,Rhodophyta_K02991,Rhodophyta,K02991,Euk
K0299113,Sarcomastigophora_K02991,Sarcomastigophora,K02991,Euk
K028711,--_K02871,--,K02871,Pro
K028712,Actinobacteria_K02871,Actinobacteria,K02871,Pro
K028713,Flavobacteriia_K02871,Flavobacteriia,K02871,Pro
K028714,Marinimicrobia_K02871,Marinimicrobia,K02871,Pro
K028715,OM60/NOR5_K02871,OM60/NOR5,K02871,Pro
K028716,Other Alphaproteobacteria_K02871,Other Alphaproteobacteria,K02871,Pro
K028717,Other Gammaproteobacteria_K02871,Other Gammaproteobacteria,K02871,Pro
K028718,Planctomycetes_K02871,Planctomycetes,K02871,Pro
K028719,SAR11_K02871,SAR11,K02871,Pro
K0287110,SAR11-like_K02871,SAR11-like,K02871,Pro
K0287111,SAR116_K02871,SAR116,K02871,Pro
K0287112,SAR86_K02871,SAR86,K02871,Pro
K0287113,SAR92_K02871,SAR92,K02871,Pro
K0287114,Synechococcus_K02871,Synechococcus,K02871,Pro
K0287115,Dinophyta_K02871,Dinophyta,K02871,Euk
K0287116,Bacillariophyta_K02871,Bacillariophyta,K02871,Euk
K0287117,Cercozoa_K02871,Cercozoa,K02871,Euk
K0287118,Chlorophyta_K02871,Chlorophyta,K02871,Euk
K0287119,Euglenozoa_K02871,Euglenozoa,K02871,Euk
K0287120,Ochrophyta_K02871,Ochrophyta,K02871,Euk
K0287121,Rhodophyta_K02871,Rhodophyta,K02871,Euk
K0287122,Sarcomastigophora_K02871,Sarcomastigophora,K02871,Euk
K028921,Other Alphaproteobacteria_K02892,Other Alphaproteobacteria,K02892,Pro
K028922,Other Gammaproteobacteria_K02892,Other Gammaproteobacteria,K02892,Pro
K028923,SAR86_K02892,SAR86,K02892,Pro
K028924,SAR92_K02892,SAR92,K02892,Pro
K028925,Dinophyta_K02892,Dinophyta,K02892,Euk
K028926,Bacillariophyta_K02892,Bacillariophyta,K02892,Euk
K028927,Bicosoecida_K02892,Bicosoecida,K02892,Euk
K028928,Cercozoa_K02892,Cercozoa,K02892,Euk
K028929,Chlorophyta_K02892,Chlorophyta,K02892,Euk
K0289210,Cryptophyta_K02892,Cryptophyta,K02892,Euk
K0289211,Glaucophyta_K02892,Glaucophyta,K02892,Euk
K0289212,Ochrophyta_K02892,Ochrophyta,K02892,Euk
K0289213,Rhodophyta_K02892,Rhodophyta,K02892,Euk
K0289214,Sarcomastigophora_K02892,Sarcomastigophora,K02892,Euk
K040781,--_K04078,--,K04078,Pro
K040782,Actinobacteria_K04078,Actinobacteria,K04078,Pro
K040783,Flavobacteriia_K04078,Flavobacteriia,K04078,Pro
K040784,High-light Pro_K04078,High-light Pro,K04078,Pro
K040785,Marinimicrobia_K04078,Marinimicrobia,K04078,Pro
K040786,Other Bacteroidetes_K04078,Other Bacteroidetes,K04078,Pro
K040787,Roseobacter_K04078,Roseobacter,K04078,Pro
K040788,Verrucomicrobia_K04078,Verrucomicrobia,K04078,Pro
K040789,Dinophyta_K04078,Dinophyta,K04078,Euk
K0407810,Bacillariophyta_K04078,Bacillariophyta,K04078,Euk
K0407811,Bicosoecida_K04078,Bicosoecida,K04078,Euk
K0407812,Chlorarachniophyta_K04078,Chlorarachniophyta,K04078,Euk
K0407813,Chlorophyta_K04078,Chlorophyta,K04078,Euk
K0407814,Cryptophyta_K04078,Cryptophyta,K04078,Euk
K0407815,Glaucophyta_K04078,Glaucophyta,K04078,Euk
K0407816,Ochrophyta_K04078,Ochrophyta,K04078,Euk
K0407817,Rhodophyta_K04078,Rhodophyta,K04078,Euk
K0407818,Sarcomastigophora_K04078,Sarcomastigophora,K04078,Euk
K029291,Euryarchaeota_K02929,Euryarchaeota,K02929,Pro
K029292,Dinophyta_K02929,Dinophyta,K02929,Euk
K029293,Chromerida_K02929,Chromerida,K02929,Euk
K029294,Bacillariophyta_K02929,Bacillariophyta,K02929,Euk
K029295,Bicosoecida_K02929,Bicosoecida,K02929,Euk
K029296,Chlorophyta_K02929,Chlorophyta,K02929,Euk
K029297,Cryptophyta_K02929,Cryptophyta,K02929,Euk
K029298,Glaucophyta_K02929,Glaucophyta,K02929,Euk
K029299,Ochrophyta_K02929,Ochrophyta,K02929,Euk
K0292910,Rhodophyta_K02929,Rhodophyta,K02929,Euk
K029561,Actinobacteria_K02956,Actinobacteria,K02956,Pro
K029562,Crocosphaera_K02956,Crocosphaera,K02956,Pro
K029563,Other Alphaproteobacteria_K02956,Other Alphaproteobacteria,K02956,Pro
K029564,Other Bacteroidetes_K02956,Other Bacteroidetes,K02956,Pro
K029565,SAR11_K02956,SAR11,K02956,Pro
K029566,SAR11-like_K02956,SAR11-like,K02956,Pro
K029567,SAR116_K02956,SAR116,K02956,Pro
K029568,SAR86_K02956,SAR86,K02956,Pro
K029569,Dinophyta_K02956,Dinophyta,K02956,Euk
K0295610,Chromerida_K02956,Chromerida,K02956,Euk
K0295611,Bacillariophyta_K02956,Bacillariophyta,K02956,Euk
K0295612,Bicosoecida_K02956,Bicosoecida,K02956,Euk
K0295613,Cercozoa_K02956,Cercozoa,K02956,Euk
K0295614,Chlorophyta_K02956,Chlorophyta,K02956,Euk
K0295615,Cryptophyta_K02956,Cryptophyta,K02956,Euk
K0295616,Euglenozoa_K02956,Euglenozoa,K02956,Euk
K0295617,Glaucophyta_K02956,Glaucophyta,K02956,Euk
K0295618,Rhodophyta_K02956,Rhodophyta,K02956,Euk
K0295619,Sarcomastigophora_K02956,Sarcomastigophora,K02956,Euk
K069421,Crocosphaera_K06942,Crocosphaera,K06942,Pro
K069422,Marinimicrobia_K06942,Marinimicrobia,K06942,Pro
K069423,SAR11_K06942,SAR11,K06942,Pro
K069424,Dinophyta_K06942,Dinophyta,K06942,Euk
K069425,Chromerida_K06942,Chromerida,K06942,Euk
K069426,Bacillariophyta_K06942,Bacillariophyta,K06942,Euk
K069427,Bicosoecida_K06942,Bicosoecida,K06942,Euk
K069428,Cercozoa_K06942,Cercozoa,K06942,Euk
K069429,Chlorarachniophyta_K06942,Chlorarachniophyta,K06942,Euk
K0694210,Chlorophyta_K06942,Chlorophyta,K06942,Euk
K0694211,Cryptophyta_K06942,Cryptophyta,K06942,Euk
K0694212,Euglenozoa_K06942,Euglenozoa,K06942,Euk
K0694213,Ochrophyta_K06942,Ochrophyta,K06942,Euk
K0694214,Rhodophyta_K06942,Rhodophyta,K06942,Euk
K0694215,Sarcomastigophora_K06942,Sarcomastigophora,K06942,Euk
K028741,Flavobacteriia_K02874,Flavobacteriia,K02874,Pro
K028742,Low-light Pro_K02874,Low-light Pro,K02874,Pro
K028743,Roseobacter_K02874,Roseobacter,K02874,Pro
K028744,SAR86_K02874,SAR86,K02874,Pro
K028745,SAR92_K02874,SAR92,K02874,Pro
K028746,Verrucomicrobia_K02874,Verrucomicrobia,K02874,Pro
K028747,Dinophyta_K02874,Dinophyta,K02874,Euk
K028748,Bacillariophyta_K02874,Bacillariophyta,K02874,Euk
K028749,Bicosoecida_K02874,Bicosoecida,K02874,Euk
K0287410,Cercozoa_K02874,Cercozoa,K02874,Euk
K0287411,Chlorophyta_K02874,Chlorophyta,K02874,Euk
K0287412,Cryptophyta_K02874,Cryptophyta,K02874,Euk
K0287413,Euglenozoa_K02874,Euglenozoa,K02874,Euk
K0287414,Glaucophyta_K02874,Glaucophyta,K02874,Euk
K0287415,Ochrophyta_K02874,Ochrophyta,K02874,Euk
K0287416,Rhodophyta_K02874,Rhodophyta,K02874,Euk
K0287417,Sarcomastigophora_K02874,Sarcomastigophora,K02874,Euk
K029611,--_K02961,--,K02961,Pro
K029612,Eukaryota_K02961,Eukaryota,K02961,Pro
K029613,Roseobacter_K02961,Roseobacter,K02961,Pro
K029614,SAR86_K02961,SAR86,K02961,Pro
K029615,Dinophyta_K02961,Dinophyta,K02961,Euk
K029616,Chromerida_K02961,Chromerida,K02961,Euk
K029617,Bacillariophyta_K02961,Bacillariophyta,K02961,Euk
K029618,Bicosoecida_K02961,Bicosoecida,K02961,Euk
K029619,Cercozoa_K02961,Cercozoa,K02961,Euk
K0296110,Chlorophyta_K02961,Chlorophyta,K02961,Euk
K0296111,Cryptophyta_K02961,Cryptophyta,K02961,Euk
K0296112,Glaucophyta_K02961,Glaucophyta,K02961,Euk
K0296113,Ochrophyta_K02961,Ochrophyta,K02961,Euk
K0296114,Sarcomastigophora_K02961,Sarcomastigophora,K02961,Euk
K028951,Eukaryota_K02895,Eukaryota,K02895,Pro
K028952,Low-light Pro_K02895,Low-light Pro,K02895,Pro
K028953,SAR86_K02895,SAR86,K02895,Pro
K028954,SAR92_K02895,SAR92,K02895,Pro
K028955,Dinophyta_K02895,Dinophyta,K02895,Euk
K028956,Bacillariophyta_K02895,Bacillariophyta,K02895,Euk
K028957,Bicosoecida_K02895,Bicosoecida,K02895,Euk
K028958,Chlorarachniophyta_K02895,Chlorarachniophyta,K02895,Euk
K028959,Chlorophyta_K02895,Chlorophyta,K02895,Euk
K0289510,Cryptophyta_K02895,Cryptophyta,K02895,Euk
K0289511,Euglenozoa_K02895,Euglenozoa,K02895,Euk
K0289512,Ochrophyta_K02895,Ochrophyta,K02895,Euk
K0289513,Sarcomastigophora_K02895,Sarcomastigophora,K02895,Euk
K029681,Other Gammaproteobacteria_K02968,Other Gammaproteobacteria,K02968,Pro
K029682,SAR11_K02968,SAR11,K02968,Pro
K029683,SAR86_K02968,SAR86,K02968,Pro
K029684,Verrucomicrobia_K02968,Verrucomicrobia,K02968,Pro
K029685,Dinophyta_K02968,Dinophyta,K02968,Euk
K029686,Bacillariophyta_K02968,Bacillariophyta,K02968,Euk
K029687,Chlorophyta_K02968,Chlorophyta,K02968,Euk
K029688,Cryptophyta_K02968,Cryptophyta,K02968,Euk
K029689,Ochrophyta_K02968,Ochrophyta,K02968,Euk
K0296810,Rhodophyta_K02968,Rhodophyta,K02968,Euk
K0296811,Sarcomastigophora_K02968,Sarcomastigophora,K02968,Euk
K097101,Crocosphaera_K09710,Crocosphaera,K09710,Pro
K097102,Flavobacteriia_K09710,Flavobacteriia,K09710,Pro
K097103,Other Bacteroidetes_K09710,Other Bacteroidetes,K09710,Pro
K097104,Roseobacter_K09710,Roseobacter,K09710,Pro
K097105,SAR11-like_K09710,SAR11-like,K09710,Pro
K097106,Bacillariophyta_K09710,Bacillariophyta,K09710,Euk
K097107,Chlorophyta_K09710,Chlorophyta,K09710,Euk
K097108,Cryptophyta_K09710,Cryptophyta,K09710,Euk
K097109,Ochrophyta_K09710,Ochrophyta,K09710,Euk
K0971010,Rhodophyta_K09710,Rhodophyta,K09710,Euk
K0971011,Sarcomastigophora_K09710,Sarcomastigophora,K09710,Euk
K028881,--_K02888,--,K02888,Pro
K028882,Firmicutes_K02888,Firmicutes,K02888,Pro
K028883,Flavobacteriia_K02888,Flavobacteriia,K02888,Pro
K028884,OM60/NOR5_K02888,OM60/NOR5,K02888,Pro
K028885,Other Alphaproteobacteria_K02888,Other Alphaproteobacteria,K02888,Pro
K028886,Other Gammaproteobacteria_K02888,Other Gammaproteobacteria,K02888,Pro
K028887,Roseobacter_K02888,Roseobacter,K02888,Pro
K028888,SAR11-like_K02888,SAR11-like,K02888,Pro
K028889,SAR92_K02888,SAR92,K02888,Pro
K0288810,Dinophyta_K02888,Dinophyta,K02888,Euk
K0288811,Bacillariophyta_K02888,Bacillariophyta,K02888,Euk
K0288812,Chlorophyta_K02888,Chlorophyta,K02888,Euk
K0288813,Cryptophyta_K02888,Cryptophyta,K02888,Euk
K0288814,Ochrophyta_K02888,Ochrophyta,K02888,Euk
K0288815,Rhodophyta_K02888,Rhodophyta,K02888,Euk
K0288816,Sarcomastigophora_K02888,Sarcomastigophora,K02888,Euk
K029111,Crocosphaera_K02911,Crocosphaera,K02911,Pro
K029112,Roseobacter_K02911,Roseobacter,K02911,Pro
K029113,SAR11_K02911,SAR11,K02911,Pro
K029114,SAR86_K02911,SAR86,K02911,Pro
K029115,SAR92_K02911,SAR92,K02911,Pro
K029116,Bacillariophyta_K02911,Bacillariophyta,K02911,Euk
K029117,Chlorophyta_K02911,Chlorophyta,K02911,Euk
K029118,Ochrophyta_K02911,Ochrophyta,K02911,Euk
K028901,Actinobacteria_K02890,Actinobacteria,K02890,Pro
K028902,Flavobacteriia_K02890,Flavobacteriia,K02890,Pro
K028903,Other Gammaproteobacteria_K02890,Other Gammaproteobacteria,K02890,Pro
K028904,SAR86_K02890,SAR86,K02890,Pro
K028905,SAR92_K02890,SAR92,K02890,Pro
K028906,Dinophyta_K02890,Dinophyta,K02890,Euk
K028907,Bacillariophyta_K02890,Bacillariophyta,K02890,Euk
K028908,Cercozoa_K02890,Cercozoa,K02890,Euk
K028909,Chlorophyta_K02890,Chlorophyta,K02890,Euk
K0289010,Cryptophyta_K02890,Cryptophyta,K02890,Euk
K0289011,Euglenozoa_K02890,Euglenozoa,K02890,Euk
K0289012,Glaucophyta_K02890,Glaucophyta,K02890,Euk
K0289013,Haptophyta_K02890,Haptophyta,K02890,Euk
K0289014,Rhodophyta_K02890,Rhodophyta,K02890,Euk
K0289015,Sarcomastigophora_K02890,Sarcomastigophora,K02890,Euk
K036871,Flavobacteriia_K03687,Flavobacteriia,K03687,Pro
K036872,Other Bacteroidetes_K03687,Other Bacteroidetes,K03687,Pro
K036873,Roseobacter_K03687,Roseobacter,K03687,Pro
K036874,Dinophyta_K03687,Dinophyta,K03687,Euk
K036875,Bacillariophyta_K03687,Bacillariophyta,K03687,Euk
K036876,Chlorophyta_K03687,Chlorophyta,K03687,Euk
K036877,Cryptophyta_K03687,Cryptophyta,K03687,Euk
K036878,Haptophyta_K03687,Haptophyta,K03687,Euk
K036879,Ochrophyta_K03687,Ochrophyta,K03687,Euk
K018901,High-light Pro_K01890,High-light Pro,K01890,Pro
K018902,Marinimicrobia_K01890,Marinimicrobia,K01890,Pro
K018903,Other Alphaproteobacteria_K01890,Other Alphaproteobacteria,K01890,Pro
K018904,Roseobacter_K01890,Roseobacter,K01890,Pro
K018905,SAR11_K01890,SAR11,K01890,Pro
K018906,SAR116_K01890,SAR116,K01890,Pro
K018907,SAR92_K01890,SAR92,K01890,Pro
K018908,Dinophyta_K01890,Dinophyta,K01890,Euk
K018909,Chromerida_K01890,Chromerida,K01890,Euk
K0189010,Bacillariophyta_K01890,Bacillariophyta,K01890,Euk
K0189011,Bicosoecida_K01890,Bicosoecida,K01890,Euk
K0189012,Cercozoa_K01890,Cercozoa,K01890,Euk
K0189013,Chlorophyta_K01890,Chlorophyta,K01890,Euk
K0189014,Cryptophyta_K01890,Cryptophyta,K01890,Euk
K0189015,Glaucophyta_K01890,Glaucophyta,K01890,Euk
K0189016,Haptophyta_K01890,Haptophyta,K01890,Euk
K0189017,Ochrophyta_K01890,Ochrophyta,K01890,Euk
K0189018,Rhodophyta_K01890,Rhodophyta,K01890,Euk
K018731,Flavobacteriia_K01873,Flavobacteriia,K01873,Pro
K018732,Marinimicrobia_K01873,Marinimicrobia,K01873,Pro
K018733,OM60/NOR5_K01873,OM60/NOR5,K01873,Pro
K018734,Other Bacteroidetes_K01873,Other Bacteroidetes,K01873,Pro
K018735,Roseobacter_K01873,Roseobacter,K01873,Pro
K018736,SAR11_K01873,SAR11,K01873,Pro
K018737,SAR11-like_K01873,SAR11-like,K01873,Pro
K018738,SAR86_K01873,SAR86,K01873,Pro
K018739,SAR92_K01873,SAR92,K01873,Pro
K0187310,Dinophyta_K01873,Dinophyta,K01873,Euk
K0187311,Bacillariophyta_K01873,Bacillariophyta,K01873,Euk
K0187312,Bicosoecida_K01873,Bicosoecida,K01873,Euk
K0187313,Cercozoa_K01873,Cercozoa,K01873,Euk
K0187314,Chlorarachniophyta_K01873,Chlorarachniophyta,K01873,Euk
K0187315,Chlorophyta_K01873,Chlorophyta,K01873,Euk
K0187316,Cryptophyta_K01873,Cryptophyta,K01873,Euk
K0187317,Euglenozoa_K01873,Euglenozoa,K01873,Euk
K0187318,Glaucophyta_K01873,Glaucophyta,K01873,Euk
K0187319,Haptophyta_K01873,Haptophyta,K01873,Euk
K0187320,Ochrophyta_K01873,Ochrophyta,K01873,Euk
K0187321,Rhodophyta_K01873,Rhodophyta,K01873,Euk
K034691,Dinophyta_K03469,Dinophyta,K03469,Euk
K034692,Bacillariophyta_K03469,Bacillariophyta,K03469,Euk
K034693,Chlorophyta_K03469,Chlorophyta,K03469,Euk
K034694,Cryptophyta_K03469,Cryptophyta,K03469,Euk
K034695,Euglenozoa_K03469,Euglenozoa,K03469,Euk
K034696,Ochrophyta_K03469,Ochrophyta,K03469,Euk
K034697,Rhodophyta_K03469,Rhodophyta,K03469,Euk
K034698,Sarcomastigophora_K03469,Sarcomastigophora,K03469,Euk
K028641,--_K02864,--,K02864,Pro
K028642,Flavobacteriia_K02864,Flavobacteriia,K02864,Pro
K028643,OM60/NOR5_K02864,OM60/NOR5,K02864,Pro
K028644,Other Gammaproteobacteria_K02864,Other Gammaproteobacteria,K02864,Pro
K028645,Planctomycetes_K02864,Planctomycetes,K02864,Pro
K028646,SAR11_K02864,SAR11,K02864,Pro
K028647,SAR11-like_K02864,SAR11-like,K02864,Pro
K028648,SAR116_K02864,SAR116,K02864,Pro
K028649,SAR324_K02864,SAR324,K02864,Pro
K0286410,SAR86_K02864,SAR86,K02864,Pro
K0286411,SAR92_K02864,SAR92,K02864,Pro
K0286412,Dinophyta_K02864,Dinophyta,K02864,Euk
K0286413,Bacillariophyta_K02864,Bacillariophyta,K02864,Euk
K0286414,Chlorophyta_K02864,Chlorophyta,K02864,Euk
K0286415,Cryptophyta_K02864,Cryptophyta,K02864,Euk
K0286416,Euglenozoa_K02864,Euglenozoa,K02864,Euk
K0286417,Glaucophyta_K02864,Glaucophyta,K02864,Euk
K0286418,Haptophyta_K02864,Haptophyta,K02864,Euk
K0286419,Ochrophyta_K02864,Ochrophyta,K02864,Euk
K0286420,Sarcomastigophora_K02864,Sarcomastigophora,K02864,Euk
K029651,--_K02965,--,K02965,Pro
K029652,Other Gammaproteobacteria_K02965,Other Gammaproteobacteria,K02965,Pro
K029653,Planctomycetes_K02965,Planctomycetes,K02965,Pro
K029654,Roseobacter_K02965,Roseobacter,K02965,Pro
K029655,SAR116_K02965,SAR116,K02965,Pro
K029656,SAR86_K02965,SAR86,K02965,Pro
K029657,SUP05/ARCTIC96BD-19_K02965,SUP05/ARCTIC96BD-19,K02965,Pro
K029658,Dinophyta_K02965,Dinophyta,K02965,Euk
K029659,Bacillariophyta_K02965,Bacillariophyta,K02965,Euk
K0296510,Cercozoa_K02965,Cercozoa,K02965,Euk
K0296511,Chlorophyta_K02965,Chlorophyta,K02965,Euk
K0296512,Cryptophyta_K02965,Cryptophyta,K02965,Euk
K0296513,Haptophyta_K02965,Haptophyta,K02965,Euk
K0296514,Ochrophyta_K02965,Ochrophyta,K02965,Euk
K0296515,Rhodophyta_K02965,Rhodophyta,K02965,Euk
K0296516,Sarcomastigophora_K02965,Sarcomastigophora,K02965,Euk
K029821,Firmicutes_K02982,Firmicutes,K02982,Pro
K029822,Flavobacteriia_K02982,Flavobacteriia,K02982,Pro
K029823,Marinimicrobia_K02982,Marinimicrobia,K02982,Pro
K029824,Other Alphaproteobacteria_K02982,Other Alphaproteobacteria,K02982,Pro
K029825,Other Gammaproteobacteria_K02982,Other Gammaproteobacteria,K02982,Pro
K029826,Planctomycetes_K02982,Planctomycetes,K02982,Pro
K029827,Roseobacter_K02982,Roseobacter,K02982,Pro
K029828,SAR11-like_K02982,SAR11-like,K02982,Pro
K029829,SAR116_K02982,SAR116,K02982,Pro
K0298210,SAR324_K02982,SAR324,K02982,Pro
K0298211,SAR86_K02982,SAR86,K02982,Pro
K0298212,SAR92_K02982,SAR92,K02982,Pro
K0298213,Dinophyta_K02982,Dinophyta,K02982,Euk
K0298214,Bacillariophyta_K02982,Bacillariophyta,K02982,Euk
K0298215,Cercozoa_K02982,Cercozoa,K02982,Euk
K0298216,Chlorophyta_K02982,Chlorophyta,K02982,Euk
K0298217,Cryptophyta_K02982,Cryptophyta,K02982,Euk
K0298218,Haptophyta_K02982,Haptophyta,K02982,Euk
K0298219,Ochrophyta_K02982,Ochrophyta,K02982,Euk
K0298220,Rhodophyta_K02982,Rhodophyta,K02982,Euk
K0298221,Sarcomastigophora_K02982,Sarcomastigophora,K02982,Euk
K029331,Firmicutes_K02933,Firmicutes,K02933,Pro
K029332,Flavobacteriia_K02933,Flavobacteriia,K02933,Pro
K029333,Roseobacter_K02933,Roseobacter,K02933,Pro
K029334,SAR86_K02933,SAR86,K02933,Pro
K029335,SAR92_K02933,SAR92,K02933,Pro
K029336,Dinophyta_K02933,Dinophyta,K02933,Euk
K029337,Bacillariophyta_K02933,Bacillariophyta,K02933,Euk
K029338,Bicosoecida_K02933,Bicosoecida,K02933,Euk
K029339,Cercozoa_K02933,Cercozoa,K02933,Euk
K0293310,Chlorarachniophyta_K02933,Chlorarachniophyta,K02933,Euk
K0293311,Chlorophyta_K02933,Chlorophyta,K02933,Euk
K0293312,Cryptophyta_K02933,Cryptophyta,K02933,Euk
K0293313,Euglenozoa_K02933,Euglenozoa,K02933,Euk
K0293314,Glaucophyta_K02933,Glaucophyta,K02933,Euk
K0293315,Haptophyta_K02933,Haptophyta,K02933,Euk
K0293316,Ochrophyta_K02933,Ochrophyta,K02933,Euk
K0293317,Rhodophyta_K02933,Rhodophyta,K02933,Euk
K0293318,Sarcomastigophora_K02933,Sarcomastigophora,K02933,Euk
K002621,Flavobacteriia_K00262,Flavobacteriia,K00262,Pro
K002622,Dinophyta_K00262,Dinophyta,K00262,Euk
K002623,Bacillariophyta_K00262,Bacillariophyta,K00262,Euk
K002624,Bicosoecida_K00262,Bicosoecida,K00262,Euk
K002625,Chlorophyta_K00262,Chlorophyta,K00262,Euk
K002626,Glaucophyta_K00262,Glaucophyta,K00262,Euk
K002627,Haptophyta_K00262,Haptophyta,K00262,Euk
K002628,Ochrophyta_K00262,Ochrophyta,K00262,Euk
K002629,Rhodophyta_K00262,Rhodophyta,K00262,Euk
K0026210,Sarcomastigophora_K00262,Sarcomastigophora,K00262,Euk
K029131,Flavobacteriia_K02913,Flavobacteriia,K02913,Pro
K029132,Dinophyta_K02913,Dinophyta,K02913,Euk
K029133,Bacillariophyta_K02913,Bacillariophyta,K02913,Euk
K029134,Chlorarachniophyta_K02913,Chlorarachniophyta,K02913,Euk
K029135,Chlorophyta_K02913,Chlorophyta,K02913,Euk
K029136,Cryptophyta_K02913,Cryptophyta,K02913,Euk
K029137,Haptophyta_K02913,Haptophyta,K02913,Euk
K029138,Ochrophyta_K02913,Ochrophyta,K02913,Euk
K029139,Sarcomastigophora_K02913,Sarcomastigophora,K02913,Euk
K040801,Roseobacter_K04080,Roseobacter,K04080,Pro
K040802,Bacillariophyta_K04080,Bacillariophyta,K04080,Euk
K029391,Chloroflexi_K02939,Chloroflexi,K02939,Pro
K029392,SAR92_K02939,SAR92,K02939,Pro
K029393,Dinophyta_K02939,Dinophyta,K02939,Euk
K029394,Bacillariophyta_K02939,Bacillariophyta,K02939,Euk
K029395,Bicosoecida_K02939,Bicosoecida,K02939,Euk
K029396,Chlorophyta_K02939,Chlorophyta,K02939,Euk
K029397,Cryptophyta_K02939,Cryptophyta,K02939,Euk
K029398,Haptophyta_K02939,Haptophyta,K02939,Euk
K029399,Ochrophyta_K02939,Ochrophyta,K02939,Euk
K0293910,Sarcomastigophora_K02939,Sarcomastigophora,K02939,Euk
K040831,Dinophyta_K04083,Dinophyta,K04083,Euk
K040832,Bacillariophyta_K04083,Bacillariophyta,K04083,Euk
K040833,Chlorophyta_K04083,Chlorophyta,K04083,Euk
K040834,Cryptophyta_K04083,Cryptophyta,K04083,Euk
K040835,Haptophyta_K04083,Haptophyta,K04083,Euk
K040836,Rhodophyta_K04083,Rhodophyta,K04083,Euk
K040837,Sarcomastigophora_K04083,Sarcomastigophora,K04083,Euk
K028811,SAR92_K02881,SAR92,K02881,Pro
K028812,Dinophyta_K02881,Dinophyta,K02881,Euk
K028813,Chromerida_K02881,Chromerida,K02881,Euk
K028814,Bacillariophyta_K02881,Bacillariophyta,K02881,Euk
K028815,Chlorophyta_K02881,Chlorophyta,K02881,Euk
K028816,Cryptophyta_K02881,Cryptophyta,K02881,Euk
K028817,Euglenozoa_K02881,Euglenozoa,K02881,Euk
K028818,Glaucophyta_K02881,Glaucophyta,K02881,Euk
K028819,Haptophyta_K02881,Haptophyta,K02881,Euk
K0288110,Ochrophyta_K02881,Ochrophyta,K02881,Euk
K0288111,Rhodophyta_K02881,Rhodophyta,K02881,Euk
K0288112,Sarcomastigophora_K02881,Sarcomastigophora,K02881,Euk
K029141,Other Bacteroidetes_K02914,Other Bacteroidetes,K02914,Pro
K029142,SAR11_K02914,SAR11,K02914,Pro
K029143,SAR86_K02914,SAR86,K02914,Pro
K029144,Bacillariophyta_K02914,Bacillariophyta,K02914,Euk
K029145,Chlorophyta_K02914,Chlorophyta,K02914,Euk
K029146,Haptophyta_K02914,Haptophyta,K02914,Euk
K150341,Dinophyta_K15034,Dinophyta,K15034,Euk
K150342,Bacillariophyta_K15034,Bacillariophyta,K15034,Euk
K150343,Chlorophyta_K15034,Chlorophyta,K15034,Euk
K150344,Cryptophyta_K15034,Cryptophyta,K15034,Euk
K150345,Ochrophyta_K15034,Ochrophyta,K15034,Euk
K150346,Rhodophyta_K15034,Rhodophyta,K15034,Euk
K150347,Sarcomastigophora_K15034,Sarcomastigophora,K15034,Euk
K029541,--_K02954,--,K02954,Pro
K029542,Roseobacter_K02954,Roseobacter,K02954,Pro
K029543,SAR86_K02954,SAR86,K02954,Pro
K029544,SAR92_K02954,SAR92,K02954,Pro
K029545,Dinophyta_K02954,Dinophyta,K02954,Euk
K029546,Bacillariophyta_K02954,Bacillariophyta,K02954,Euk
K029547,Chlorophyta_K02954,Chlorophyta,K02954,Euk
K029548,Cryptophyta_K02954,Cryptophyta,K02954,Euk
K029549,Haptophyta_K02954,Haptophyta,K02954,Euk
K0295410,Ochrophyta_K02954,Ochrophyta,K02954,Euk
K0295411,Sarcomastigophora_K02954,Sarcomastigophora,K02954,Euk
K025911,Dinophyta_K02591,Dinophyta,K02591,Euk
K025912,Cryptophyta_K02591,Cryptophyta,K02591,Euk
K025913,Sarcomastigophora_K02591,Sarcomastigophora,K02591,Euk
K02586,Ochrophyta_K02586,Ochrophyta,K02586,Euk
K047521,--_K04752,--,K04752,Pro
K047522,OM60/NOR5_K04752,OM60/NOR5,K04752,Pro
K047523,Verrucomicrobia_K04752,Verrucomicrobia,K04752,Pro
K047524,Bacillariophyta_K04752,Bacillariophyta,K04752,Euk
K047525,Cryptophyta_K04752,Cryptophyta,K04752,Euk
K047526,Ochrophyta_K04752,Ochrophyta,K04752,Euk
K047527,Sarcomastigophora_K04752,Sarcomastigophora,K04752,Euk
K029591,Crocosphaera_K02959,Crocosphaera,K02959,Pro
K029592,Flavobacteriia_K02959,Flavobacteriia,K02959,Pro
K029593,Other Bacteroidetes_K02959,Other Bacteroidetes,K02959,Pro
K029594,Planctomycetes_K02959,Planctomycetes,K02959,Pro
K029595,SAR11_K02959,SAR11,K02959,Pro
K029596,SAR86_K02959,SAR86,K02959,Pro
K029597,SUP05/ARCTIC96BD-19_K02959,SUP05/ARCTIC96BD-19,K02959,Pro
K029598,Dinophyta_K02959,Dinophyta,K02959,Euk
K029599,Bacillariophyta_K02959,Bacillariophyta,K02959,Euk
K0295910,Chlorophyta_K02959,Chlorophyta,K02959,Euk
K0295911,Cryptophyta_K02959,Cryptophyta,K02959,Euk
K0295912,Euglenozoa_K02959,Euglenozoa,K02959,Euk
K0295913,Ochrophyta_K02959,Ochrophyta,K02959,Euk
K0295914,Sarcomastigophora_K02959,Sarcomastigophora,K02959,Euk
K019161,Dinophyta_K01916,Dinophyta,K01916,Euk
K019162,Bacillariophyta_K01916,Bacillariophyta,K01916,Euk
K019163,Cryptophyta_K01916,Cryptophyta,K01916,Euk
K019164,Haptophyta_K01916,Haptophyta,K01916,Euk
K019165,Ochrophyta_K01916,Ochrophyta,K01916,Euk
K019166,Sarcomastigophora_K01916,Sarcomastigophora,K01916,Euk
K029501,Flavobacteriia_K02950,Flavobacteriia,K02950,Pro
K029502,Other Alphaproteobacteria_K02950,Other Alphaproteobacteria,K02950,Pro
K029503,Other Bacteroidetes_K02950,Other Bacteroidetes,K02950,Pro
K029504,Other Gammaproteobacteria_K02950,Other Gammaproteobacteria,K02950,Pro
K029505,Planctomycetes_K02950,Planctomycetes,K02950,Pro
K029506,Roseobacter_K02950,Roseobacter,K02950,Pro
K029507,SAR86_K02950,SAR86,K02950,Pro
K029508,SAR92_K02950,SAR92,K02950,Pro
K029509,Verrucomicrobia_K02950,Verrucomicrobia,K02950,Pro
K0295010,Dinophyta_K02950,Dinophyta,K02950,Euk
K0295011,Chromerida_K02950,Chromerida,K02950,Euk
K0295012,Bacillariophyta_K02950,Bacillariophyta,K02950,Euk
K0295013,Bicosoecida_K02950,Bicosoecida,K02950,Euk
K0295014,Cercozoa_K02950,Cercozoa,K02950,Euk
K0295015,Chlorarachniophyta_K02950,Chlorarachniophyta,K02950,Euk
K0295016,Chlorophyta_K02950,Chlorophyta,K02950,Euk
K0295017,Cryptophyta_K02950,Cryptophyta,K02950,Euk
K0295018,Euglenozoa_K02950,Euglenozoa,K02950,Euk
K0295019,Glaucophyta_K02950,Glaucophyta,K02950,Euk
K0295020,Haptophyta_K02950,Haptophyta,K02950,Euk
K0295021,Ochrophyta_K02950,Ochrophyta,K02950,Euk
K0295022,Rhodophyta_K02950,Rhodophyta,K02950,Euk
K0295023,Sarcomastigophora_K02950,Sarcomastigophora,K02950,Euk
K083001,Other Gammaproteobacteria_K08300,Other Gammaproteobacteria,K08300,Pro
K083002,Rivulariaceae_K08300,Rivulariaceae,K08300,Pro
K083003,SAR11-like_K08300,SAR11-like,K08300,Pro
K083004,SAR86_K08300,SAR86,K08300,Pro
K083005,Dinophyta_K08300,Dinophyta,K08300,Euk
K083006,Bacillariophyta_K08300,Bacillariophyta,K08300,Euk
K083007,Chlorophyta_K08300,Chlorophyta,K08300,Euk
K083008,Cryptophyta_K08300,Cryptophyta,K08300,Euk
K083009,Ochrophyta_K08300,Ochrophyta,K08300,Euk
K0830010,Sarcomastigophora_K08300,Sarcomastigophora,K08300,Euk
K045671,--_K04567,--,K04567,Pro
K045672,Other Bacteroidetes_K04567,Other Bacteroidetes,K04567,Pro
K045673,SAR116_K04567,SAR116,K04567,Pro
K045674,SAR86_K04567,SAR86,K04567,Pro
K045675,SAR92_K04567,SAR92,K04567,Pro
K045676,Dinophyta_K04567,Dinophyta,K04567,Euk
K045677,Chromerida_K04567,Chromerida,K04567,Euk
K045678,Bacillariophyta_K04567,Bacillariophyta,K04567,Euk
K045679,Bicosoecida_K04567,Bicosoecida,K04567,Euk
K0456710,Cercozoa_K04567,Cercozoa,K04567,Euk
K0456711,Chlorophyta_K04567,Chlorophyta,K04567,Euk
K0456712,Cryptophyta_K04567,Cryptophyta,K04567,Euk
K0456713,Euglenozoa_K04567,Euglenozoa,K04567,Euk
K0456714,Glaucophyta_K04567,Glaucophyta,K04567,Euk
K0456715,Haptophyta_K04567,Haptophyta,K04567,Euk
K0456716,Ochrophyta_K04567,Ochrophyta,K04567,Euk
K0456717,Rhodophyta_K04567,Rhodophyta,K04567,Euk
K0456718,Sarcomastigophora_K04567,Sarcomastigophora,K04567,Euk
K02587,Dinophyta_K02587,Dinophyta,K02587,Euk
K047511,Roseobacter_K04751,Roseobacter,K04751,Pro
K047512,SAR11-like_K04751,SAR11-like,K04751,Pro
K047513,SAR116_K04751,SAR116,K04751,Pro
K047514,Verrucomicrobia_K04751,Verrucomicrobia,K04751,Pro
K047515,Bacillariophyta_K04751,Bacillariophyta,K04751,Euk
K047516,Chlorophyta_K04751,Chlorophyta,K04751,Euk
K047517,Cryptophyta_K04751,Cryptophyta,K04751,Euk
K047518,Ochrophyta_K04751,Ochrophyta,K04751,Euk
K047519,Sarcomastigophora_K04751,Sarcomastigophora,K04751,Euk
K018851,Other Alphaproteobacteria_K01885,Other Alphaproteobacteria,K01885,Pro
K018852,Roseobacter_K01885,Roseobacter,K01885,Pro
K018853,SAR11-like_K01885,SAR11-like,K01885,Pro
K018854,SAR116_K01885,SAR116,K01885,Pro
K018855,Dinophyta_K01885,Dinophyta,K01885,Euk
K018856,Bacillariophyta_K01885,Bacillariophyta,K01885,Euk
K018857,Bicosoecida_K01885,Bicosoecida,K01885,Euk
K018858,Cercozoa_K01885,Cercozoa,K01885,Euk
K018859,Chlorophyta_K01885,Chlorophyta,K01885,Euk
K0188510,Cryptophyta_K01885,Cryptophyta,K01885,Euk
K0188511,Euglenozoa_K01885,Euglenozoa,K01885,Euk
K0188512,Glaucophyta_K01885,Glaucophyta,K01885,Euk
K0188513,Haptophyta_K01885,Haptophyta,K01885,Euk
K0188514,Ochrophyta_K01885,Ochrophyta,K01885,Euk
K0188515,Rhodophyta_K01885,Rhodophyta,K01885,Euk
K0188516,Sarcomastigophora_K01885,Sarcomastigophora,K01885,Euk
K035171,Crocosphaera_K03517,Crocosphaera,K03517,Pro
K035172,High-light Pro_K03517,High-light Pro,K03517,Pro
K035173,SAR92_K03517,SAR92,K03517,Pro
K035174,Dinophyta_K03517,Dinophyta,K03517,Euk
K035175,Bacillariophyta_K03517,Bacillariophyta,K03517,Euk
K035176,Chlorophyta_K03517,Chlorophyta,K03517,Euk
K035177,Cryptophyta_K03517,Cryptophyta,K03517,Euk
K035178,Euglenozoa_K03517,Euglenozoa,K03517,Euk
K035179,Glaucophyta_K03517,Glaucophyta,K03517,Euk
K0351710,Ochrophyta_K03517,Ochrophyta,K03517,Euk
K0351711,Sarcomastigophora_K03517,Sarcomastigophora,K03517,Euk
K018701,Crocosphaera_K01870,Crocosphaera,K01870,Pro
K018702,Flavobacteriia_K01870,Flavobacteriia,K01870,Pro
K018703,Marinimicrobia_K01870,Marinimicrobia,K01870,Pro
K018704,Other Alphaproteobacteria_K01870,Other Alphaproteobacteria,K01870,Pro
K018705,Other Gammaproteobacteria_K01870,Other Gammaproteobacteria,K01870,Pro
K018706,SAR11_K01870,SAR11,K01870,Pro
K018707,SAR11-like_K01870,SAR11-like,K01870,Pro
K018708,SAR116_K01870,SAR116,K01870,Pro
K018709,SAR324_K01870,SAR324,K01870,Pro
K0187010,SAR86_K01870,SAR86,K01870,Pro
K0187011,SAR92_K01870,SAR92,K01870,Pro
K0187012,Dinophyta_K01870,Dinophyta,K01870,Euk
K0187013,Bacillariophyta_K01870,Bacillariophyta,K01870,Euk
K0187014,Bicosoecida_K01870,Bicosoecida,K01870,Euk
K0187015,Cercozoa_K01870,Cercozoa,K01870,Euk
K0187016,Chlorarachniophyta_K01870,Chlorarachniophyta,K01870,Euk
K0187017,Chlorophyta_K01870,Chlorophyta,K01870,Euk
K0187018,Cryptophyta_K01870,Cryptophyta,K01870,Euk
K0187019,Euglenozoa_K01870,Euglenozoa,K01870,Euk
K0187020,Glaucophyta_K01870,Glaucophyta,K01870,Euk
K0187021,Haptophyta_K01870,Haptophyta,K01870,Euk
K0187022,Ochrophyta_K01870,Ochrophyta,K01870,Euk
K0187023,Rhodophyta_K01870,Rhodophyta,K01870,Euk
K0187024,Sarcomastigophora_K01870,Sarcomastigophora,K01870,Euk
K029901,Firmicutes_K02990,Firmicutes,K02990,Pro
K029902,Flavobacteriia_K02990,Flavobacteriia,K02990,Pro
K029903,High-light Pro_K02990,High-light Pro,K02990,Pro
K029904,Other Alphaproteobacteria_K02990,Other Alphaproteobacteria,K02990,Pro
K029905,Roseobacter_K02990,Roseobacter,K02990,Pro
K029906,SAR11_K02990,SAR11,K02990,Pro
K029907,SAR92_K02990,SAR92,K02990,Pro
K029908,Dinophyta_K02990,Dinophyta,K02990,Euk
K029909,Bacillariophyta_K02990,Bacillariophyta,K02990,Euk
K0299010,Chlorophyta_K02990,Chlorophyta,K02990,Euk
K0299011,Cryptophyta_K02990,Cryptophyta,K02990,Euk
K0299012,Sarcomastigophora_K02990,Sarcomastigophora,K02990,Euk
K062811,Dinophyta_K06281,Dinophyta,K06281,Euk
K062812,Cryptophyta_K06281,Cryptophyta,K06281,Euk
K062813,Sarcomastigophora_K06281,Sarcomastigophora,K06281,Euk
K024341,Crocosphaera_K02434,Crocosphaera,K02434,Pro
K024342,SAR11_K02434,SAR11,K02434,Pro
K024343,SAR86_K02434,SAR86,K02434,Pro
K024344,Dinophyta_K02434,Dinophyta,K02434,Euk
K024345,Bacillariophyta_K02434,Bacillariophyta,K02434,Euk
K024346,Chlorophyta_K02434,Chlorophyta,K02434,Euk
K024347,Cryptophyta_K02434,Cryptophyta,K02434,Euk
K024348,Glaucophyta_K02434,Glaucophyta,K02434,Euk
K024349,Ochrophyta_K02434,Ochrophyta,K02434,Euk
K0243410,Sarcomastigophora_K02434,Sarcomastigophora,K02434,Euk
K008581,Roseobacter_K00858,Roseobacter,K00858,Pro
K008582,SAR11-like_K00858,SAR11-like,K00858,Pro
K008583,SAR86_K00858,SAR86,K00858,Pro
K008584,Dinophyta_K00858,Dinophyta,K00858,Euk
K008585,Bacillariophyta_K00858,Bacillariophyta,K00858,Euk
K008586,Bicosoecida_K00858,Bicosoecida,K00858,Euk
K008587,Cercozoa_K00858,Cercozoa,K00858,Euk
K008588,Chlorophyta_K00858,Chlorophyta,K00858,Euk
K008589,Cryptophyta_K00858,Cryptophyta,K00858,Euk
K0085810,Glaucophyta_K00858,Glaucophyta,K00858,Euk
K0085811,Haptophyta_K00858,Haptophyta,K00858,Euk
K0085812,Ochrophyta_K00858,Ochrophyta,K00858,Euk
K0085813,Rhodophyta_K00858,Rhodophyta,K00858,Euk
K0085814,Sarcomastigophora_K00858,Sarcomastigophora,K00858,Euk
K029461,OM60/NOR5_K02946,OM60/NOR5,K02946,Pro
K029462,Other Alphaproteobacteria_K02946,Other Alphaproteobacteria,K02946,Pro
K029463,Other Gammaproteobacteria_K02946,Other Gammaproteobacteria,K02946,Pro
K029464,Planctomycetes_K02946,Planctomycetes,K02946,Pro
K029465,SAR11_K02946,SAR11,K02946,Pro
K029466,SAR116_K02946,SAR116,K02946,Pro
K029467,SAR92_K02946,SAR92,K02946,Pro
K029468,Dinophyta_K02946,Dinophyta,K02946,Euk
K029469,Bacillariophyta_K02946,Bacillariophyta,K02946,Euk
K0294610,Bicosoecida_K02946,Bicosoecida,K02946,Euk
K0294611,Chlorophyta_K02946,Chlorophyta,K02946,Euk
K0294612,Cryptophyta_K02946,Cryptophyta,K02946,Euk
K0294613,Glaucophyta_K02946,Glaucophyta,K02946,Euk
K0294614,Haptophyta_K02946,Haptophyta,K02946,Euk
K0294615,Ochrophyta_K02946,Ochrophyta,K02946,Euk
K0294616,Rhodophyta_K02946,Rhodophyta,K02946,Euk
K0294617,Sarcomastigophora_K02946,Sarcomastigophora,K02946,Euk
K028971,Flavobacteriia_K02897,Flavobacteriia,K02897,Pro
K028972,Marinimicrobia_K02897,Marinimicrobia,K02897,Pro
K028973,Other Alphaproteobacteria_K02897,Other Alphaproteobacteria,K02897,Pro
K028974,Roseobacter_K02897,Roseobacter,K02897,Pro
K028975,SAR11-like_K02897,SAR11-like,K02897,Pro
K028976,SAR116_K02897,SAR116,K02897,Pro
K028977,SAR86_K02897,SAR86,K02897,Pro
K028978,SAR92_K02897,SAR92,K02897,Pro
K028979,Dinophyta_K02897,Dinophyta,K02897,Euk
K0289710,Bacillariophyta_K02897,Bacillariophyta,K02897,Euk
K0289711,Chlorophyta_K02897,Chlorophyta,K02897,Euk
K0289712,Cryptophyta_K02897,Cryptophyta,K02897,Euk
K0289713,Sarcomastigophora_K02897,Sarcomastigophora,K02897,Euk
K062821,Dinophyta_K06282,Dinophyta,K06282,Euk
K062822,Bacillariophyta_K06282,Bacillariophyta,K06282,Euk
K062823,Cryptophyta_K06282,Cryptophyta,K06282,Euk
K062824,Sarcomastigophora_K06282,Sarcomastigophora,K06282,Euk
K029091,--_K02909,--,K02909,Pro
K029092,Crocosphaera_K02909,Crocosphaera,K02909,Pro
K029093,High-light Pro_K02909,High-light Pro,K02909,Pro
K029094,Other Alphaproteobacteria_K02909,Other Alphaproteobacteria,K02909,Pro
K029095,Other Bacteroidetes_K02909,Other Bacteroidetes,K02909,Pro
K029096,SAR11_K02909,SAR11,K02909,Pro
K029097,SAR11-like_K02909,SAR11-like,K02909,Pro
K029098,SAR86_K02909,SAR86,K02909,Pro
K029099,Dinophyta_K02909,Dinophyta,K02909,Euk
K0290910,Bacillariophyta_K02909,Bacillariophyta,K02909,Euk
K0290911,Bicosoecida_K02909,Bicosoecida,K02909,Euk
K0290912,Chlorophyta_K02909,Chlorophyta,K02909,Euk
K0290913,Cryptophyta_K02909,Cryptophyta,K02909,Euk
K0290914,Haptophyta_K02909,Haptophyta,K02909,Euk
K0290915,Rhodophyta_K02909,Rhodophyta,K02909,Euk
K0290916,Sarcomastigophora_K02909,Sarcomastigophora,K02909,Euk
K028341,Crocosphaera_K02834,Crocosphaera,K02834,Pro
K028342,Bacillariophyta_K02834,Bacillariophyta,K02834,Euk
K028343,Chlorophyta_K02834,Chlorophyta,K02834,Euk
K028344,Euglenozoa_K02834,Euglenozoa,K02834,Euk
K028345,Rhodophyta_K02834,Rhodophyta,K02834,Euk
K028346,Sarcomastigophora_K02834,Sarcomastigophora,K02834,Euk
K111451,Bacillariophyta_K11145,Bacillariophyta,K11145,Euk
K111452,Chlorophyta_K11145,Chlorophyta,K11145,Euk
K018931,Dinophyta_K01893,Dinophyta,K01893,Euk
K018932,Chromerida_K01893,Chromerida,K01893,Euk
K018933,Bacillariophyta_K01893,Bacillariophyta,K01893,Euk
K018934,Bicosoecida_K01893,Bicosoecida,K01893,Euk
K018935,Cercozoa_K01893,Cercozoa,K01893,Euk
K018936,Chlorophyta_K01893,Chlorophyta,K01893,Euk
K018937,Cryptophyta_K01893,Cryptophyta,K01893,Euk
K018938,Euglenozoa_K01893,Euglenozoa,K01893,Euk
K018939,Glaucophyta_K01893,Glaucophyta,K01893,Euk
K0189310,Haptophyta_K01893,Haptophyta,K01893,Euk
K0189311,Ochrophyta_K01893,Ochrophyta,K01893,Euk
K0189312,Rhodophyta_K01893,Rhodophyta,K01893,Euk
K0189313,Sarcomastigophora_K01893,Sarcomastigophora,K01893,Euk
K018761,Flavobacteriia_K01876,Flavobacteriia,K01876,Pro
K018762,High-light Pro_K01876,High-light Pro,K01876,Pro
K018763,Other Bacteroidetes_K01876,Other Bacteroidetes,K01876,Pro
K018764,Roseobacter_K01876,Roseobacter,K01876,Pro
K018765,SAR11-like_K01876,SAR11-like,K01876,Pro
K018766,SAR86_K01876,SAR86,K01876,Pro
K018767,SAR92_K01876,SAR92,K01876,Pro
K018768,Dinophyta_K01876,Dinophyta,K01876,Euk
K018769,Chromerida_K01876,Chromerida,K01876,Euk
K0187610,Bacillariophyta_K01876,Bacillariophyta,K01876,Euk
K0187611,Bicosoecida_K01876,Bicosoecida,K01876,Euk
K0187612,Cercozoa_K01876,Cercozoa,K01876,Euk
K0187613,Chlorarachniophyta_K01876,Chlorarachniophyta,K01876,Euk
K0187614,Chlorophyta_K01876,Chlorophyta,K01876,Euk
K0187615,Cryptophyta_K01876,Cryptophyta,K01876,Euk
K0187616,Euglenozoa_K01876,Euglenozoa,K01876,Euk
K0187617,Glaucophyta_K01876,Glaucophyta,K01876,Euk
K0187618,Haptophyta_K01876,Haptophyta,K01876,Euk
K0187619,Ochrophyta_K01876,Ochrophyta,K01876,Euk
K0187620,Rhodophyta_K01876,Rhodophyta,K01876,Euk
K0187621,Sarcomastigophora_K01876,Sarcomastigophora,K01876,Euk
K097481,Crocosphaera_K09748,Crocosphaera,K09748,Pro
K097482,Rivulariaceae_K09748,Rivulariaceae,K09748,Pro
K097483,Dinophyta_K09748,Dinophyta,K09748,Euk
K097484,Bacillariophyta_K09748,Bacillariophyta,K09748,Euk
K097485,Chlorophyta_K09748,Chlorophyta,K09748,Euk
K097486,Cryptophyta_K09748,Cryptophyta,K09748,Euk
K097487,Haptophyta_K09748,Haptophyta,K09748,Euk
K097488,Sarcomastigophora_K09748,Sarcomastigophora,K09748,Euk
K026001,Crocosphaera_K02600,Crocosphaera,K02600,Pro
K026002,Firmicutes_K02600,Firmicutes,K02600,Pro
K026003,Flavobacteriia_K02600,Flavobacteriia,K02600,Pro
K026004,High-light Pro_K02600,High-light Pro,K02600,Pro
K026005,Marinimicrobia_K02600,Marinimicrobia,K02600,Pro
K026006,Other Alphaproteobacteria_K02600,Other Alphaproteobacteria,K02600,Pro
K026007,Other Bacteroidetes_K02600,Other Bacteroidetes,K02600,Pro
K026008,Other Gammaproteobacteria_K02600,Other Gammaproteobacteria,K02600,Pro
K026009,Planctomycetes_K02600,Planctomycetes,K02600,Pro
K0260010,Roseobacter_K02600,Roseobacter,K02600,Pro
K0260011,SAR11_K02600,SAR11,K02600,Pro
K0260012,SAR116_K02600,SAR116,K02600,Pro
K0260013,SAR324_K02600,SAR324,K02600,Pro
K0260014,SAR86_K02600,SAR86,K02600,Pro
K0260015,Dinophyta_K02600,Dinophyta,K02600,Euk
K0260016,Bacillariophyta_K02600,Bacillariophyta,K02600,Euk
K0260017,Cercozoa_K02600,Cercozoa,K02600,Euk
K0260018,Cryptophyta_K02600,Cryptophyta,K02600,Euk
K0260019,Haptophyta_K02600,Haptophyta,K02600,Euk
K0260020,Sarcomastigophora_K02600,Sarcomastigophora,K02600,Euk
K037421,Crocosphaera_K03742,Crocosphaera,K03742,Pro
K037422,Dinophyta_K03742,Dinophyta,K03742,Euk
K037423,Bacillariophyta_K03742,Bacillariophyta,K03742,Euk
K037424,Cercozoa_K03742,Cercozoa,K03742,Euk
K037425,Chlorarachniophyta_K03742,Chlorarachniophyta,K03742,Euk
K037426,Chlorophyta_K03742,Chlorophyta,K03742,Euk
K037427,Cryptophyta_K03742,Cryptophyta,K03742,Euk
K037428,Ochrophyta_K03742,Ochrophyta,K03742,Euk
K037429,Rhodophyta_K03742,Rhodophyta,K03742,Euk
K0374210,Sarcomastigophora_K03742,Sarcomastigophora,K03742,Euk
K028841,Crocosphaera_K02884,Crocosphaera,K02884,Pro
K028842,Flavobacteriia_K02884,Flavobacteriia,K02884,Pro
K028843,Marinimicrobia_K02884,Marinimicrobia,K02884,Pro
K028844,Other Alphaproteobacteria_K02884,Other Alphaproteobacteria,K02884,Pro
K028845,Other Bacteroidetes_K02884,Other Bacteroidetes,K02884,Pro
K028846,Other Gammaproteobacteria_K02884,Other Gammaproteobacteria,K02884,Pro
K028847,Roseobacter_K02884,Roseobacter,K02884,Pro
K028848,SAR11_K02884,SAR11,K02884,Pro
K028849,SAR11-like_K02884,SAR11-like,K02884,Pro
K0288410,SAR116_K02884,SAR116,K02884,Pro
K0288411,SAR86_K02884,SAR86,K02884,Pro
K0288412,SAR92_K02884,SAR92,K02884,Pro
K0288413,Dinophyta_K02884,Dinophyta,K02884,Euk
K0288414,Bacillariophyta_K02884,Bacillariophyta,K02884,Euk
K0288415,Chlorophyta_K02884,Chlorophyta,K02884,Euk
K0288416,Cryptophyta_K02884,Cryptophyta,K02884,Euk
K0288417,Ochrophyta_K02884,Ochrophyta,K02884,Euk
K0288418,Rhodophyta_K02884,Rhodophyta,K02884,Euk
K0288419,Sarcomastigophora_K02884,Sarcomastigophora,K02884,Euk
K018891,Roseobacter_K01889,Roseobacter,K01889,Pro
K018892,SAR116_K01889,SAR116,K01889,Pro
K018893,SAR92_K01889,SAR92,K01889,Pro
K018894,Dinophyta_K01889,Dinophyta,K01889,Euk
K018895,Chromerida_K01889,Chromerida,K01889,Euk
K018896,Bacillariophyta_K01889,Bacillariophyta,K01889,Euk
K018897,Bicosoecida_K01889,Bicosoecida,K01889,Euk
K018898,Cercozoa_K01889,Cercozoa,K01889,Euk
K018899,Chlorarachniophyta_K01889,Chlorarachniophyta,K01889,Euk
K0188910,Chlorophyta_K01889,Chlorophyta,K01889,Euk
K0188911,Cryptophyta_K01889,Cryptophyta,K01889,Euk
K0188912,Euglenozoa_K01889,Euglenozoa,K01889,Euk
K0188913,Glaucophyta_K01889,Glaucophyta,K01889,Euk
K0188914,Haptophyta_K01889,Haptophyta,K01889,Euk
K0188915,Ochrophyta_K01889,Ochrophyta,K01889,Euk
K0188916,Rhodophyta_K01889,Rhodophyta,K01889,Euk
K0188917,Sarcomastigophora_K01889,Sarcomastigophora,K01889,Euk
K028381,Firmicutes_K02838,Firmicutes,K02838,Pro
K028382,OM60/NOR5_K02838,OM60/NOR5,K02838,Pro
K028383,SAR92_K02838,SAR92,K02838,Pro
K028384,Dinophyta_K02838,Dinophyta,K02838,Euk
K028385,Bacillariophyta_K02838,Bacillariophyta,K02838,Euk
K028386,Cercozoa_K02838,Cercozoa,K02838,Euk
K028387,Chlorophyta_K02838,Chlorophyta,K02838,Euk
K028388,Cryptophyta_K02838,Cryptophyta,K02838,Euk
K028389,Haptophyta_K02838,Haptophyta,K02838,Euk
K0283810,Ochrophyta_K02838,Ochrophyta,K02838,Euk
K0283811,Rhodophyta_K02838,Rhodophyta,K02838,Euk
K0283812,Sarcomastigophora_K02838,Sarcomastigophora,K02838,Euk
K018671,Low-light Pro_K01867,Low-light Pro,K01867,Pro
K018672,SAR86_K01867,SAR86,K01867,Pro
K018673,SAR92_K01867,SAR92,K01867,Pro
K018674,Dinophyta_K01867,Dinophyta,K01867,Euk
K018675,Bacillariophyta_K01867,Bacillariophyta,K01867,Euk
K018676,Bicosoecida_K01867,Bicosoecida,K01867,Euk
K018677,Cercozoa_K01867,Cercozoa,K01867,Euk
K018678,Chlorophyta_K01867,Chlorophyta,K01867,Euk
K018679,Cryptophyta_K01867,Cryptophyta,K01867,Euk
K0186710,Euglenozoa_K01867,Euglenozoa,K01867,Euk
K0186711,Glaucophyta_K01867,Glaucophyta,K01867,Euk
K0186712,Haptophyta_K01867,Haptophyta,K01867,Euk
K0186713,Ochrophyta_K01867,Ochrophyta,K01867,Euk
K0186714,Rhodophyta_K01867,Rhodophyta,K01867,Euk
K0186715,Sarcomastigophora_K01867,Sarcomastigophora,K01867,Euk
K036281,Flavobacteriia_K03628,Flavobacteriia,K03628,Pro
K036282,Marinimicrobia_K03628,Marinimicrobia,K03628,Pro
K036283,Other Bacteroidetes_K03628,Other Bacteroidetes,K03628,Pro
K036284,Other Gammaproteobacteria_K03628,Other Gammaproteobacteria,K03628,Pro
K036285,Roseobacter_K03628,Roseobacter,K03628,Pro
K036286,SAR11-like_K03628,SAR11-like,K03628,Pro
K036287,SAR86_K03628,SAR86,K03628,Pro
K036288,SAR92_K03628,SAR92,K03628,Pro
K036289,Dinophyta_K03628,Dinophyta,K03628,Euk
K0362810,Bacillariophyta_K03628,Bacillariophyta,K03628,Euk
K0362811,Cryptophyta_K03628,Cryptophyta,K03628,Euk
K0362812,Sarcomastigophora_K03628,Sarcomastigophora,K03628,Euk
K144411,Dinophyta_K14441,Dinophyta,K14441,Euk
K144412,Bacillariophyta_K14441,Bacillariophyta,K14441,Euk
K144413,Cercozoa_K14441,Cercozoa,K14441,Euk
K144414,Chlorophyta_K14441,Chlorophyta,K14441,Euk
K144415,Cryptophyta_K14441,Cryptophyta,K14441,Euk
K144416,Glaucophyta_K14441,Glaucophyta,K14441,Euk
K144417,Haptophyta_K14441,Haptophyta,K14441,Euk
K144418,Ochrophyta_K14441,Ochrophyta,K14441,Euk
K144419,Rhodophyta_K14441,Rhodophyta,K14441,Euk
K1444110,Sarcomastigophora_K14441,Sarcomastigophora,K14441,Euk
K046511,Dinophyta_K04651,Dinophyta,K04651,Euk
K046512,Cryptophyta_K04651,Cryptophyta,K04651,Euk
K046513,Sarcomastigophora_K04651,Sarcomastigophora,K04651,Euk
K025921,Dinophyta_K02592,Dinophyta,K02592,Euk
K025922,Chlorophyta_K02592,Chlorophyta,K02592,Euk
K025923,Cryptophyta_K02592,Cryptophyta,K02592,Euk
K025924,Ochrophyta_K02592,Ochrophyta,K02592,Euk
K026871,High-light Pro_K02687,High-light Pro,K02687,Pro
K026872,Dinophyta_K02687,Dinophyta,K02687,Euk
K026873,Bacillariophyta_K02687,Bacillariophyta,K02687,Euk
K026874,Bicosoecida_K02687,Bicosoecida,K02687,Euk
K026875,Cercozoa_K02687,Cercozoa,K02687,Euk
K026876,Chlorophyta_K02687,Chlorophyta,K02687,Euk
K026877,Cryptophyta_K02687,Cryptophyta,K02687,Euk
K026878,Euglenozoa_K02687,Euglenozoa,K02687,Euk
K026879,Haptophyta_K02687,Haptophyta,K02687,Euk
K0268710,Ochrophyta_K02687,Ochrophyta,K02687,Euk
K0268711,Rhodophyta_K02687,Rhodophyta,K02687,Euk
K0268712,Sarcomastigophora_K02687,Sarcomastigophora,K02687,Euk
K04655,Sarcomastigophora_K04655,Sarcomastigophora,K04655,Euk
K024351,Dinophyta_K02435,Dinophyta,K02435,Euk
K024352,Bacillariophyta_K02435,Bacillariophyta,K02435,Euk
K024353,Cryptophyta_K02435,Cryptophyta,K02435,Euk
K024354,Euglenozoa_K02435,Euglenozoa,K02435,Euk
K024355,Haptophyta_K02435,Haptophyta,K02435,Euk
K024356,Ochrophyta_K02435,Ochrophyta,K02435,Euk
K009891,SAR11-like_K00989,SAR11-like,K00989,Pro
K009892,SAR86_K00989,SAR86,K00989,Pro
K009893,SAR92_K00989,SAR92,K00989,Pro
K009894,Dinophyta_K00989,Dinophyta,K00989,Euk
K009895,Bacillariophyta_K00989,Bacillariophyta,K00989,Euk
K009896,Chlorophyta_K00989,Chlorophyta,K00989,Euk
K009897,Sarcomastigophora_K00989,Sarcomastigophora,K00989,Euk
K037431,Bacillariophyta_K03743,Bacillariophyta,K03743,Euk
K037432,Cryptophyta_K03743,Cryptophyta,K03743,Euk
K037433,Sarcomastigophora_K03743,Sarcomastigophora,K03743,Euk
K018791,SAR11_K01879,SAR11,K01879,Pro
K018792,SAR92_K01879,SAR92,K01879,Pro
K018793,Dinophyta_K01879,Dinophyta,K01879,Euk
K018794,Bacillariophyta_K01879,Bacillariophyta,K01879,Euk
K018795,Chlorophyta_K01879,Chlorophyta,K01879,Euk
K018796,Cryptophyta_K01879,Cryptophyta,K01879,Euk
K018797,Glaucophyta_K01879,Glaucophyta,K01879,Euk
K018798,Ochrophyta_K01879,Ochrophyta,K01879,Euk
K018799,Rhodophyta_K01879,Rhodophyta,K01879,Euk
K0187910,Sarcomastigophora_K01879,Sarcomastigophora,K01879,Euk
K018921,Crocosphaera_K01892,Crocosphaera,K01892,Pro
K018922,High-light Pro_K01892,High-light Pro,K01892,Pro
K018923,OM60/NOR5_K01892,OM60/NOR5,K01892,Pro
K018924,SAR11_K01892,SAR11,K01892,Pro
K018925,SAR92_K01892,SAR92,K01892,Pro
K018926,Dinophyta_K01892,Dinophyta,K01892,Euk
K018927,Chromerida_K01892,Chromerida,K01892,Euk
K018928,Bacillariophyta_K01892,Bacillariophyta,K01892,Euk
K018929,Bicosoecida_K01892,Bicosoecida,K01892,Euk
K0189210,Cercozoa_K01892,Cercozoa,K01892,Euk
K0189211,Chlorarachniophyta_K01892,Chlorarachniophyta,K01892,Euk
K0189212,Chlorophyta_K01892,Chlorophyta,K01892,Euk
K0189213,Cryptophyta_K01892,Cryptophyta,K01892,Euk
K0189214,Haptophyta_K01892,Haptophyta,K01892,Euk
K0189215,Ochrophyta_K01892,Ochrophyta,K01892,Euk
K0189216,Rhodophyta_K01892,Rhodophyta,K01892,Euk
K0189217,Sarcomastigophora_K01892,Sarcomastigophora,K01892,Euk
K018681,Crocosphaera_K01868,Crocosphaera,K01868,Pro
K018682,Firmicutes_K01868,Firmicutes,K01868,Pro
K018683,Flavobacteriia_K01868,Flavobacteriia,K01868,Pro
K018684,High-light Pro_K01868,High-light Pro,K01868,Pro
K018685,OM60/NOR5_K01868,OM60/NOR5,K01868,Pro
K018686,Other Bacteroidetes_K01868,Other Bacteroidetes,K01868,Pro
K018687,Other Gammaproteobacteria_K01868,Other Gammaproteobacteria,K01868,Pro
K018688,SAR11_K01868,SAR11,K01868,Pro
K018689,SAR11-like_K01868,SAR11-like,K01868,Pro
K0186810,SAR116_K01868,SAR116,K01868,Pro
K0186811,SAR324_K01868,SAR324,K01868,Pro
K0186812,SAR86_K01868,SAR86,K01868,Pro
K0186813,SAR92_K01868,SAR92,K01868,Pro
K0186814,Dinophyta_K01868,Dinophyta,K01868,Euk
K0186815,Chromerida_K01868,Chromerida,K01868,Euk
K0186816,Bacillariophyta_K01868,Bacillariophyta,K01868,Euk
K0186817,Bicosoecida_K01868,Bicosoecida,K01868,Euk
K0186818,Cercozoa_K01868,Cercozoa,K01868,Euk
K0186819,Chlorophyta_K01868,Chlorophyta,K01868,Euk
K0186820,Cryptophyta_K01868,Cryptophyta,K01868,Euk
K0186821,Euglenozoa_K01868,Euglenozoa,K01868,Euk
K0186822,Glaucophyta_K01868,Glaucophyta,K01868,Euk
K0186823,Haptophyta_K01868,Haptophyta,K01868,Euk
K0186824,Ochrophyta_K01868,Ochrophyta,K01868,Euk
K0186825,Rhodophyta_K01868,Rhodophyta,K01868,Euk
K0186826,Sarcomastigophora_K01868,Sarcomastigophora,K01868,Euk
K018661,Crocosphaera_K01866,Crocosphaera,K01866,Pro
K018662,High-light Pro_K01866,High-light Pro,K01866,Pro
K018663,SAR11_K01866,SAR11,K01866,Pro
K018664,SAR11-like_K01866,SAR11-like,K01866,Pro
K018665,SAR86_K01866,SAR86,K01866,Pro
K018666,SAR92_K01866,SAR92,K01866,Pro
K018667,Dinophyta_K01866,Dinophyta,K01866,Euk
K018668,Bacillariophyta_K01866,Bacillariophyta,K01866,Euk
K018669,Bicosoecida_K01866,Bicosoecida,K01866,Euk
K0186610,Cercozoa_K01866,Cercozoa,K01866,Euk
K0186611,Chlorophyta_K01866,Chlorophyta,K01866,Euk
K0186612,Cryptophyta_K01866,Cryptophyta,K01866,Euk
K0186613,Euglenozoa_K01866,Euglenozoa,K01866,Euk
K0186614,Glaucophyta_K01866,Glaucophyta,K01866,Euk
K0186615,Haptophyta_K01866,Haptophyta,K01866,Euk
K0186616,Ochrophyta_K01866,Ochrophyta,K01866,Euk
K0186617,Rhodophyta_K01866,Rhodophyta,K01866,Euk
K0186618,Sarcomastigophora_K01866,Sarcomastigophora,K01866,Euk
K176751,Dinophyta_K17675,Dinophyta,K17675,Euk
K176752,Bacillariophyta_K17675,Bacillariophyta,K17675,Euk
K176753,Cercozoa_K17675,Cercozoa,K17675,Euk
K176754,Chlorophyta_K17675,Chlorophyta,K17675,Euk
K176755,Cryptophyta_K17675,Cryptophyta,K17675,Euk
K176756,Haptophyta_K17675,Haptophyta,K17675,Euk
K176757,Ochrophyta_K17675,Ochrophyta,K17675,Euk
K176758,Rhodophyta_K17675,Rhodophyta,K17675,Euk
K176759,Sarcomastigophora_K17675,Sarcomastigophora,K17675,Euk
K033201,Crocosphaera_K03320,Crocosphaera,K03320,Pro
K033202,Flavobacteriia_K03320,Flavobacteriia,K03320,Pro
K033203,Other Gammaproteobacteria_K03320,Other Gammaproteobacteria,K03320,Pro
K033204,SAR11-like_K03320,SAR11-like,K03320,Pro
K033205,SAR116_K03320,SAR116,K03320,Pro
K033206,SAR86_K03320,SAR86,K03320,Pro
K033207,Dinophyta_K03320,Dinophyta,K03320,Euk
K033208,Chromerida_K03320,Chromerida,K03320,Euk
K033209,Bacillariophyta_K03320,Bacillariophyta,K03320,Euk
K0332010,Bicosoecida_K03320,Bicosoecida,K03320,Euk
K0332011,Cercozoa_K03320,Cercozoa,K03320,Euk
K0332012,Euglenozoa_K03320,Euglenozoa,K03320,Euk
K0332013,Glaucophyta_K03320,Glaucophyta,K03320,Euk
K0332014,Rhodophyta_K03320,Rhodophyta,K03320,Euk
K0332015,Sarcomastigophora_K03320,Sarcomastigophora,K03320,Euk
K025751,Crocosphaera_K02575,Crocosphaera,K02575,Pro
K025752,Dinophyta_K02575,Dinophyta,K02575,Euk
K025753,Chromerida_K02575,Chromerida,K02575,Euk
K025754,Bacillariophyta_K02575,Bacillariophyta,K02575,Euk
K025755,Chlorarachniophyta_K02575,Chlorarachniophyta,K02575,Euk
K025756,Cryptophyta_K02575,Cryptophyta,K02575,Euk
K025757,Euglenozoa_K02575,Euglenozoa,K02575,Euk
K025758,Glaucophyta_K02575,Glaucophyta,K02575,Euk
K025759,Haptophyta_K02575,Haptophyta,K02575,Euk
K0257510,Rhodophyta_K02575,Rhodophyta,K02575,Euk
K025981,Bacillariophyta_K02598,Bacillariophyta,K02598,Euk
K025982,Chlorophyta_K02598,Chlorophyta,K02598,Euk
K025983,Ochrophyta_K02598,Ochrophyta,K02598,Euk
K025984,Rhodophyta_K02598,Rhodophyta,K02598,Euk
K020491,Other Alphaproteobacteria_K02049,Other Alphaproteobacteria,K02049,Pro
K020492,Dinophyta_K02049,Dinophyta,K02049,Euk
K020493,Chromerida_K02049,Chromerida,K02049,Euk
K020494,Bicosoecida_K02049,Bicosoecida,K02049,Euk
K020495,Cercozoa_K02049,Cercozoa,K02049,Euk
K020496,Chlorophyta_K02049,Chlorophyta,K02049,Euk
K020497,Cryptophyta_K02049,Cryptophyta,K02049,Euk
K020498,Euglenozoa_K02049,Euglenozoa,K02049,Euk
K020499,Glaucophyta_K02049,Glaucophyta,K02049,Euk
K0204910,Haptophyta_K02049,Haptophyta,K02049,Euk
K0204911,Ochrophyta_K02049,Ochrophyta,K02049,Euk
K0204912,Rhodophyta_K02049,Rhodophyta,K02049,Euk
K0204913,Sarcomastigophora_K02049,Sarcomastigophora,K02049,Euk
K020501,Dinophyta_K02050,Dinophyta,K02050,Euk
K020502,Bacillariophyta_K02050,Bacillariophyta,K02050,Euk
K020503,Chlorophyta_K02050,Chlorophyta,K02050,Euk
K020504,Cryptophyta_K02050,Cryptophyta,K02050,Euk
K020505,Haptophyta_K02050,Haptophyta,K02050,Euk
K020506,Ochrophyta_K02050,Ochrophyta,K02050,Euk
K020507,Rhodophyta_K02050,Rhodophyta,K02050,Euk
K020508,Sarcomastigophora_K02050,Sarcomastigophora,K02050,Euk
K020511,--_K02051,--,K02051,Pro
K020512,SAR116_K02051,SAR116,K02051,Pro
K020513,SAR324_K02051,SAR324,K02051,Pro
K020514,Dinophyta_K02051,Dinophyta,K02051,Euk
K020515,Bacillariophyta_K02051,Bacillariophyta,K02051,Euk
K020516,Chlorophyta_K02051,Chlorophyta,K02051,Euk
K020517,Cryptophyta_K02051,Cryptophyta,K02051,Euk
K020518,Glaucophyta_K02051,Glaucophyta,K02051,Euk
K020519,Haptophyta_K02051,Haptophyta,K02051,Euk
K0205110,Ochrophyta_K02051,Ochrophyta,K02051,Euk
K0205111,Sarcomastigophora_K02051,Sarcomastigophora,K02051,Euk
K105341,Dinophyta_K10534,Dinophyta,K10534,Euk
K105342,Chromerida_K10534,Chromerida,K10534,Euk
K105343,Bacillariophyta_K10534,Bacillariophyta,K10534,Euk
K105344,Bicosoecida_K10534,Bicosoecida,K10534,Euk
K105345,Cercozoa_K10534,Cercozoa,K10534,Euk
K105346,Chlorarachniophyta_K10534,Chlorarachniophyta,K10534,Euk
K105347,Chlorophyta_K10534,Chlorophyta,K10534,Euk
K105348,Cryptophyta_K10534,Cryptophyta,K10534,Euk
K105349,Euglenozoa_K10534,Euglenozoa,K10534,Euk
K1053410,Glaucophyta_K10534,Glaucophyta,K10534,Euk
K1053411,Haptophyta_K10534,Haptophyta,K10534,Euk
K1053412,Rhodophyta_K10534,Rhodophyta,K10534,Euk
K1053413,Sarcomastigophora_K10534,Sarcomastigophora,K10534,Euk
K119591,Other Alphaproteobacteria_K11959,Other Alphaproteobacteria,K11959,Pro
K119592,Other Gammaproteobacteria_K11959,Other Gammaproteobacteria,K11959,Pro
K119593,SAR116_K11959,SAR116,K11959,Pro
K119594,SAR324_K11959,SAR324,K11959,Pro
K119595,Dinophyta_K11959,Dinophyta,K11959,Euk
K119596,Bacillariophyta_K11959,Bacillariophyta,K11959,Euk
K119597,Chlorophyta_K11959,Chlorophyta,K11959,Euk
K119598,Ochrophyta_K11959,Ochrophyta,K11959,Euk
