,x,y,full_ids,taxa,kos,time_rank,new_tax,path,tax_group,cluster,x_rot,y_rot,gene_function
1215,-0.311305373961071,-3.21381422171044,Chlorarachniophyta_K03320,Chlorarachniophyta,K03320,4.5,other,Transport,eukaryotic,Afternoon,0.665106602950799,-3.21279434825558,amt_ammonia_transporter
1327,1.79305641674224,3.40763051399399,Chlorophyta_K03320,Chlorophyta,K03320,1,Chlorophyta,Transport,eukaryotic,Dusk,-0.147475402051937,3.69196180291353,amt_ammonia_transporter
1646,0.378739898462156,3.88381722235285,Cryptophyta_K03320,Cryptophyta,K03320,1,Cryptophyta,Transport,eukaryotic,Night,1.35974053450168,3.88307925221157,amt_ammonia_transporter
2374,2.89799514352807,2.34731495297045,Haptophyta_K03320,Haptophyta,K03320,6,Haptophyta,Transport,eukaryotic,Dusk,-1.45927143307656,2.86758276009589,amt_ammonia_transporter
3347,2.08586084526072,2.98273336562593,Ochrophyta_K03320,Ochrophyta,K03320,6,Ochrophyta,Transport,eukaryotic,Dusk,-0.523173152069277,3.33235224435625,amt_ammonia_transporter
4143,2.97337386887075,2.35448377149129,Low-light Pro_K03320,Low-light Pro,K03320,6,other,Transport,prokaryotic_photoauto,Dusk,-1.53325159130554,2.88931949157928,amt_ammonia_transporter
4176,2.88273665241481,2.38778248769084,High-light Pro_K03320,High-light Pro,K03320,6,High-light Pro,Transport,prokaryotic_photoauto,Dusk,-1.4361181175835,2.90429593853908,amt_ammonia_transporter
4502,0.496612468459797,-3.75426296083352,SAR11_K03320,SAR11,K03320,4,SAR11,Transport,prokaryotic_non_photoauto,Afternoon,-0.248247558018801,-3.58524156435952,amt_ammonia_transporter
5454,-2.034357070352,1.43320905489576,Other Alphaproteobacteria_K03320,Other Alphaproteobacteria,K03320,2,other,Transport,prokaryotic_non_photoauto,Morning,3.29474756679128,1.00878696883163,amt_ammonia_transporter
5681,-0.730363021709653,2.58052873499294,SAR92_K03320,SAR92,K03320,1,SAR92,Transport,prokaryotic_non_photoauto,Night,2.21458448399453,2.38845784184464,amt_ammonia_transporter
402,-3.27004536703263,-2.56694989010781,Bacillariophyta_K00284,Bacillariophyta,K00284,3,Bacillariophyta,Nitrogen metabolism,eukaryotic,Morning,3.75004356677546,-3.15558087141217,gltS_ferredoxin_glutamate_synthase
992,0.624650721830952,3.75865357023689,Bicosoecida_K00284,Bicosoecida,K00284,1,Bicosoecida,Nitrogen metabolism,eukaryotic,Night,1.08941149393686,3.808295406293,gltS_ferredoxin_glutamate_synthase
2901,3.7824882204668,0.451532415945887,Haptophyta_K00284,Haptophyta,K00284,5,Haptophyta,Nitrogen metabolism,eukaryotic,Dusk,-2.71361333563597,1.18078319213771,gltS_ferredoxin_glutamate_synthase
4101,3.2604713836614,-1.67649501238894,High-light Pro_K00284,High-light Pro,K00284,5,High-light Pro,Nitrogen metabolism,prokaryotic_photoauto,Dusk,-2.60675405508356,-1.00819521865763,gltS_ferredoxin_glutamate_synthase
4405,2.10113409473035,0.38949287299613,Crocosphaera_K00284,Crocosphaera,K00284,6,Crocosphaera,Nitrogen metabolism,prokaryotic_photoauto,Dusk,-1.04436252431132,0.791919803796579,gltS_ferredoxin_glutamate_synthase
5443,4.26853512539995,-0.958749957331106,SAR324_K00284,SAR324,K00284,6,other,Nitrogen metabolism,prokaryotic_non_photoauto,Afternoon,-3.47479268290539,-0.107577953586143,gltS_ferredoxin_glutamate_synthase
401,-3.20909643878262,-2.6422110644358,Bacillariophyta_K00265,Bacillariophyta,K00265,3,Bacillariophyta,Nitrogen metabolism,eukaryotic,Morning,3.67441191179049,-3.2175053773401,gltB_NADPH_large_glutamate_synthase
991,0.623377622240731,3.75705942087187,Bicosoecida_K00265,Bicosoecida,K00265,1,Bicosoecida,Nitrogen metabolism,eukaryotic,Night,1.09037359041412,3.80648351865201,gltB_NADPH_large_glutamate_synthase
2900,3.78248816690513,0.451532395450476,Haptophyta_K00265,Haptophyta,K00265,5,Haptophyta,Nitrogen metabolism,eukaryotic,Dusk,-2.71361328607275,1.18078316158675,gltB_NADPH_large_glutamate_synthase
4469,1.41496005680904,-3.32828394929563,SAR116_K00265,SAR116,K00265,5,other,Nitrogen metabolism,prokaryotic_non_photoauto,Afternoon,-1.083490763835,-2.98828689334865,gltB_NADPH_large_glutamate_synthase
5110,-0.94715878003676,-4.18797099261467,Other Alphaproteobacteria_K00265,Other Alphaproteobacteria,K00265,4,other,Nitrogen metabolism,prokaryotic_non_photoauto,Afternoon,1.11091145089659,-4.29228181570995,gltB_NADPH_large_glutamate_synthase
5308,-3.17974172777808,-0.218455900220002,SAR11_K00265,SAR11,K00265,3,SAR11,Nitrogen metabolism,prokaryotic_non_photoauto,Morning,4.11790837626107,-0.83459516895336,gltB_NADPH_large_glutamate_synthase
5705,2.13423745166305,-1.9457782839683,Other Gammaproteobacteria_K00265,Other Gammaproteobacteria,K00265,6,other,Nitrogen metabolism,prokaryotic_non_photoauto,Afternoon,-1.53305468325118,-1.49202162814054,gltB_NADPH_large_glutamate_synthase
606,-1.62347866297076,-3.47965109188674,Bacillariophyta_K00266,Bacillariophyta,K00266,4,Bacillariophyta,Nitrogen metabolism,eukaryotic,Afternoon,1.92541769135403,-3.72951554700682,gltD_NADPH_small_glutamate_synthase
1643,1.12705942384285,3.77996941766834,Cryptophyta_K00266,Cryptophyta,K00266,1,Cryptophyta,Nitrogen metabolism,eukaryotic,Dusk,0.591161307464414,3.92721675115229,gltD_NADPH_small_glutamate_synthase
2693,3.58466890546787,0.307420482613626,Haptophyta_K00266,Haptophyta,K00266,5,Haptophyta,Nitrogen metabolism,eukaryotic,Dusk,-2.54390886411719,1.00084769533083,gltD_NADPH_small_glutamate_synthase
3894,-0.855163735000796,3.75847441570164,Sarcomastigophora_K00266,Sarcomastigophora,K00266,1,Sarcomastigophora,Nitrogen metabolism,eukaryotic,Night,2.56919099945264,3.51942221525448,gltD_NADPH_small_glutamate_synthase
4871,-1.9078610869594,-2.06210050648417,SAR116_K00266,SAR116,K00266,3.5,other,Nitrogen metabolism,prokaryotic_non_photoauto,Morning,2.48635051552301,-2.39468305728867,gltD_NADPH_small_glutamate_synthase
5144,2.4626780664356,-2.38381955913751,Other Gammaproteobacteria_K00266,Other Gammaproteobacteria,K00266,5,other,Nitrogen metabolism,prokaryotic_non_photoauto,Afternoon,-1.94695291145285,-1.85757047773641,gltD_NADPH_small_glutamate_synthase
5363,-3.44586823005843,-1.74014498948079,Planctomycetes_K00266,Planctomycetes,K00266,3,other,Nitrogen metabolism,prokaryotic_non_photoauto,Morning,4.0871680641091,-2.37896413407744,gltD_NADPH_small_glutamate_synthase
5501,-4.28060310525881,-0.925018274184549,Roseobacter_K00266,Roseobacter,K00266,3,other,Nitrogen metabolism,prokaryotic_non_photoauto,Morning,5.08092627268057,-1.74234854565238,gltD_NADPH_small_glutamate_synthase
583,2.15494740826186,-2.9778769125978,Bacillariophyta_K01915,Bacillariophyta,K01915,5,Bacillariophyta,Nitrogen metabolism,eukaryotic,Afternoon,-1.75511709366173,-2.50024845892291,glnA_glutamine_synthetase
1647,2.99956544597438,1.08547449944627,Cryptophyta_K01915,Cryptophyta,K01915,5,Cryptophyta,Nitrogen metabolism,eukaryotic,Dusk,-1.80701459593388,1.64980360007356,glnA_glutamine_synthetase
2685,2.97602339984774,1.28069678708637,Haptophyta_K01915,Haptophyta,K01915,6,Haptophyta,Nitrogen metabolism,eukaryotic,Dusk,-1.74538657084681,1.83668192083785,glnA_glutamine_synthetase
3305,2.75490855984095,2.10145888539647,Ochrophyta_K01915,Ochrophyta,K01915,6,Ochrophyta,Nitrogen metabolism,eukaryotic,Dusk,-1.36414898878207,2.5985359402338,glnA_glutamine_synthetase
4030,1.74974820192602,3.51882069252584,Crocosphaera_K01915,Crocosphaera,K01915,1,Crocosphaera,Nitrogen metabolism,prokaryotic_photoauto,Dusk,-0.0824750595009081,3.79256647976853,glnA_glutamine_synthetase
4648,3.59157605800474,-1.7665114688901,Other Bacteroidetes_K01915,Other Bacteroidetes,K01915,6,other,Nitrogen metabolism,prokaryotic_non_photoauto,Dusk,-2.95542006891246,-1.03188671664934,glnA_glutamine_synthetase
5387,1.24221807412656,3.30042395918668,Roseobacter_K01915,Roseobacter,K01915,1,other,Nitrogen metabolism,prokaryotic_non_photoauto,Night,0.382447979264145,3.47935196235605,glnA_glutamine_synthetase
4499,-3.72218184210776,1.52853246461506,Other Alphaproteobacteria_K04751,Other Alphaproteobacteria,K04751,2,other,Nitrogen metabolism,prokaryotic_non_photoauto,Night,5.00116901324485,0.773000487733534,glnB_nitrogen_regulator
5596,2.40562862918885,0.311607746913024,Crocosphaera_K04751,Crocosphaera,K04751,6,Crocosphaera,Nitrogen metabolism,prokaryotic_photoauto,Dusk,-1.36405169309764,0.774935155351579,glnB_nitrogen_regulator
4291,2.44839168200835,-2.81317746077861,High-light Pro_K04752,High-light Pro,K04752,5,High-light Pro,Nitrogen metabolism,prokaryotic_photoauto,Afternoon,-2.01643009831693,-2.28146552302918,glnK_nitrogen_regulator
4708,-1.8585271957715,3.03205778629385,SAR92_K04752,SAR92,K04752,2,SAR92,Nitrogen metabolism,prokaryotic_non_photoauto,Night,3.43083760607431,2.61121697703022,glnK_nitrogen_regulator
5436,-2.83451865332406,3.26301078719378,SAR86_K04752,SAR86,K04752,2,other,Nitrogen metabolism,prokaryotic_non_photoauto,Night,4.45188575894302,2.6473257930389,glnK_nitrogen_regulator
5521,2.82191897446199,1.4683286964401,Other Gammaproteobacteria_K04752,Other Gammaproteobacteria,K04752,6,other,Nitrogen metabolism,prokaryotic_non_photoauto,Dusk,-1.55467697584474,1.99064425369333,glnK_nitrogen_regulator
1125,-0.610032219724927,3.6872419349951,Cercozoa_K02575,Cercozoa,K02575,1.5,Cercozoa,Transport,eukaryotic,Night,2.31016271657772,3.49738123294237,NRT_NO34_transport
1460,0.149762800305191,3.65123979638932,Chlorophyta_K02575,Chlorophyta,K02575,2,Chlorophyta,Transport,eukaryotic,Night,1.54334402773373,3.61029952045871,NRT_NO34_transport
3559,-0.227861032765937,3.73807735419166,Ochrophyta_K02575,Ochrophyta,K02575,2,Ochrophyta,Transport,eukaryotic,Night,1.93790902791961,3.6217977637426,NRT_NO34_transport
155,-3.74546019223663,-1.01373826255555,Dinophyta_K02598,Dinophyta,K02598,3,Dinophyta,other,eukaryotic,Morning,4.52847494855783,-1.72496260109806,nirC_NO4_transport
1652,-2.86980647909804,0.913846575397536,Cryptophyta_K02598,Cryptophyta,K02598,2,Cryptophyta,other,eukaryotic,Morning,4.02887438216891,0.336415799565596,nirC_NO4_transport
2934,-0.272377283143413,3.37080567119157,Haptophyta_K02598,Haptophyta,K02598,2,Haptophyta,other,eukaryotic,Night,1.9107741273932,3.2528984135261,nirC_NO4_transport
483,-3.56813473413239,-0.304028287846633,Bacillariophyta_K02049,Bacillariophyta,K02049,3,Bacillariophyta,Transport,eukaryotic,Morning,4.48960703795761,-0.994295023824994,niT_transport_ATP
4152,2.96444243827167,1.93930218782564,Other Alphaproteobacteria_K02050,Other Alphaproteobacteria,K02050,6,other,Transport,prokaryotic_non_photoauto,Dusk,-1.60531806955895,2.48037306995387,nitT_transport_permease
4582,1.19640940440519,3.79307483442378,Other Alphaproteobacteria_K02051,Other Alphaproteobacteria,K02051,6.5,other,Transport,prokaryotic_non_photoauto,Night,0.524368066877048,3.9535998610393,nitT_transport_substrate
5561,0.0887398975576837,3.26635005502943,Roseobacter_K02051,Roseobacter,K02051,6,other,Transport,prokaryotic_non_photoauto,Night,1.52927866689864,3.22090034980735,nitT_transport_substrate
3350,-0.615884458331274,3.70760265322093,Ochrophyta_K10534,Ochrophyta,K10534,2,Ochrophyta,other,eukaryotic,Night,2.31998713425923,3.51620901056247,NR_NO4_reductase
4638,0.602110618165375,3.80586569415448,High-light Pro_K11959,High-light Pro,K11959,1,High-light Pro,Transport,prokaryotic_photoauto,Night,1.12116222606059,3.85020300640555,urtA_urea_transport
5140,-4.26273625732638,0.482538479153705,Verrucomicrobia_K11959,Verrucomicrobia,K11959,3,other,Transport,prokaryotic_non_photoauto,Morning,5.33766012501288,-0.358351951529514,urtA_urea_transport
58,NA,NA,Glutamine,Metabolite,C00064,NA,Metabolite,Metabolite,Metabolite,Dusk,NA,NA,Glutamine
