,x,y,full_ids,taxa,kos,time_rank,big_class,new_tax,path,tax_group,cluster,x_rot,y_rot,KEGG_annotation,General_category,Specific_category
134,-3.225465009,1.378242279,Other Gammaproteobacteria_K01999,Other Gammaproteobacteria,K01999,5,Transcript,Other Transcript,Transport,prokaryotic_non_photoauto,Dusk,-3.432370333,0.722502733,ko:K01999    livK; branched-chain amino acid transport system substrate-binding protein,amino_acids,leu_ile_val
92,2.164913787,2.204912917,Roseobacter_K01999,Roseobacter,K01999,2,Transcript,Other Transcript,Transport,prokaryotic_non_photoauto,Night,1.693158405,2.584899862,ko:K01999    livK; branched-chain amino acid transport system substrate-binding protein,amino_acids,leu_ile_val
151,3.615414734,0.792434507,SAR11-like_K02000,SAR11-like,K02000,2,Transcript,Other Transcript,Transport,prokaryotic_non_photoauto,Morning,3.39134925,1.482540525,ko:K02000    proV; glycine betaine/proline transport system ATP-binding protein [EC:7.6.2.9],amino_acids,betaine_glycine_proline
149,-1.385504616,2.740766938,Roseobacter_K02002,Roseobacter,K02002,5,Transcript,Other Transcript,Transport,prokaryotic_non_photoauto,Dusk,-1.893579638,2.417805328,ko:K02002    proX; glycine betaine/proline transport system substrate-binding protein,amino_acids,betaine_glycine_proline
142,1.895851803,0.005054048,SAR116_K02002,SAR116,K02002,2,Transcript,Other Transcript,Transport,prokaryotic_non_photoauto,Morning,1.858437547,0.374819275,ko:K02002    proX; glycine betaine/proline transport system substrate-binding protein,amino_acids,betaine_glycine_proline
91,4.017920439,1.293501049,Crocosphaera_K02002,Crocosphaera,K02002,2,Transcript,Crocosphaera,Transport,prokaryotic_photoauto,Morning,3.688367688,2.052504181,ko:K02002    proX; glycine betaine/proline transport system substrate-binding protein,amino_acids,betaine_glycine_proline
159,-0.674245283,0.890964955,Other Alphaproteobacteria_K02030,Other Alphaproteobacteria,K02030,5.5,Transcript,Other Transcript,Transport,prokaryotic_non_photoauto,Dusk,-0.835108489,0.742306584,ko:K02030    ABC.PA.S; polar amino acid transport system substrate-binding protein,amino_acids,polar
98,2.329155729,-2.485177235,Chloroflexi_K02030,Chloroflexi,K02030,2,Transcript,Other Transcript,Transport,prokaryotic_non_photoauto,Morning,2.769235682,-1.98302951,ko:K02030    ABC.PA.S; polar amino acid transport system substrate-binding protein,amino_acids,polar
56,3.912556937,-0.945313915,Crocosphaera_K02030,Crocosphaera,K02030,2,Transcript,Crocosphaera,Transport,prokaryotic_photoauto,Morning,4.021799849,-0.16384798,ko:K02030    ABC.PA.S; polar amino acid transport system substrate-binding protein,amino_acids,polar
9,2.863286927,0.13537365,Bacillariophyta_K02049,Bacillariophyta,K02049,2,Transcript,Bacillariophyta,Transport,eukaryotic,Morning,2.781859582,0.691372052,ko:K02049    ABC.SN.A; NitT/TauT family transport system ATP-binding protein,amino_acids,taurine
59,-2.500912703,2.051430758,Other Alphaproteobacteria_K02050,Other Alphaproteobacteria,K02050,5,Transcript,Other Transcript,Transport,prokaryotic_non_photoauto,Dusk,-2.853072654,1.524109227,ko:K02050    ABC.SN.P; NitT/TauT family transport system permease protein,amino_acids,taurine
74,-0.396989747,2.82465443,Other Alphaproteobacteria_K02051,Other Alphaproteobacteria,K02051,6,Transcript,Other Transcript,Transport,prokaryotic_non_photoauto,Night,-0.940424443,2.69293063,ko:K02051    ABC.SN.S; NitT/TauT family transport system substrate-binding protein,amino_acids,taurine
150,0.355639786,2.115158513,Roseobacter_K02051,Roseobacter,K02051,5,Transcript,Other Transcript,Transport,prokaryotic_non_photoauto,Night,-0.063840688,2.143898216,ko:K02051    ABC.SN.S; NitT/TauT family transport system substrate-binding protein,amino_acids,taurine
68,2.078982771,-1.918875394,Crocosphaera_K11954,Crocosphaera,K11954,2,Transcript,Crocosphaera,Transport,prokaryotic_photoauto,Morning,2.413389719,-1.476415323,ko:K11954    natB; neutral amino acid transport system substrate-binding protein,amino_acids,neutral
127,1.039286909,2.353979759,Other Alphaproteobacteria_K15551,Other Alphaproteobacteria,K15551,2,Transcript,Other Transcript,Transport,prokaryotic_non_photoauto,Night,0.560078633,2.511503516,ko:K15551    tauA; taurine transport system substrate-binding protein,amino_acids,taurine
155,2.812173898,2.895027551,Crocosphaera_K09969,Crocosphaera,K09969,6,Transcript,Crocosphaera,Transport,prokaryotic_photoauto,Night,2.193346908,3.38802832,"ko:K09969    aapJ, bztA; general L-amino acid transport system substrate-binding protein",amino_acids,general
82,2.938116449,0.4006028,Crocosphaera_K01551,Crocosphaera,K01551,1,Transcript,Crocosphaera,Transport,prokaryotic_photoauto,Morning,2.803507636,0.966103414,"ko:K01551    arsA, ASNA1, GET3; arsenite/tail-anchored protein-transporting ATPase [EC:7.3.2.7 7.3.-.-]",inorganic,arsenite
6,1.663337135,3.046375838,Dinophyta_K02018,Dinophyta,K02018,1,Transcript,Dinophyta,Transport,eukaryotic,Night,1.037058136,3.312341558,ko:K02018    modB; molybdate transport system permease protein,inorganic,molybdenum
139,0.054246877,0.279710367,Crocosphaera_K02018,Crocosphaera,K02018,6,Transcript,Crocosphaera,Transport,prokaryotic_photoauto,Night,-0.001364247,0.284918851,ko:K02018    modB; molybdate transport system permease protein,inorganic,molybdenum
39,-1.344878213,3.532045499,Haptophyta_K02036,Haptophyta,K02036,6,Transcript,Haptophyta,Transport,eukaryotic,Night,-2.008104649,3.201805511,ko:K02036    pstB; phosphate transport system ATP-binding protein [EC:7.3.2.1],inorganic,phosphate
95,-1.139569462,0.450072408,Crocosphaera_K02040,Crocosphaera,K02040,5,Transcript,Crocosphaera,Transport,prokaryotic_photoauto,Dusk,-1.205477726,0.219105419,ko:K02040    pstS; phosphate transport system substrate-binding protein,inorganic,phosphate
17,0.769858995,3.681741774,Cercozoa_K02575,Cercozoa,K02575,6,Transcript,Cercozoa,Transport,eukaryotic,Night,0.036794182,3.761190178,"ko:K02575    NRT, narK, nrtP, nasA; MFS transporter, NNP family, nitrate/nitrite transporter",inorganic,nitrate_nitrite
21,0.379866484,2.661507842,Chlorophyta_K02575,Chlorophyta,K02575,1,Transcript,Chlorophyta,Transport,eukaryotic,Night,-0.146666966,2.68447599,"ko:K02575    NRT, narK, nrtP, nasA; MFS transporter, NNP family, nitrate/nitrite transporter",inorganic,nitrate_nitrite
48,0.711897413,3.38002451,Ochrophyta_K02575,Ochrophyta,K02575,1,Transcript,Ochrophyta,Transport,eukaryotic,Night,0.038808433,3.453962582,"ko:K02575    NRT, narK, nrtP, nasA; MFS transporter, NNP family, nitrate/nitrite transporter",inorganic,nitrate_nitrite
18,0.441505746,-0.820825091,Chlorarachniophyta_K03320,Chlorarachniophyta,K03320,3,Transcript,Other Transcript,Transport,eukaryotic,Afternoon,0.593157368,-0.718919669,"ko:K03320    amt, AMT, MEP; ammonium transporter, Amt family",inorganic,ammonium
20,-1.329383072,2.209127131,Chlorophyta_K03320,Chlorophyta,K03320,1,Transcript,Chlorophyta,Transport,eukaryotic,Dusk,-1.734818673,1.907329601,"ko:K03320    amt, AMT, MEP; ammonium transporter, Amt family",inorganic,ammonium
32,-2.277473868,1.518091203,Haptophyta_K03320,Haptophyta,K03320,5,Transcript,Haptophyta,Transport,eukaryotic,Dusk,-2.529877748,1.044608396,"ko:K03320    amt, AMT, MEP; ammonium transporter, Amt family",inorganic,ammonium
43,-1.627393358,2.188422264,Ochrophyta_K03320,Ochrophyta,K03320,5,Transcript,Ochrophyta,Transport,eukaryotic,Dusk,-2.023063455,1.82888365,"ko:K03320    amt, AMT, MEP; ammonium transporter, Amt family",inorganic,ammonium
24,-0.466613339,2.161724403,Cryptophyta_K03320,Cryptophyta,K03320,1,Transcript,Cryptophyta,Transport,eukaryotic,Night,-0.879379004,2.029155728,"ko:K03320    amt, AMT, MEP; ammonium transporter, Amt family",inorganic,ammonium
69,0.10618364,-3.301045664,SAR11_K03320,SAR11,K03320,3,Transcript,SAR11,Transport,prokaryotic_non_photoauto,Afternoon,0.748145413,-3.216901596,"ko:K03320    amt, AMT, MEP; ammonium transporter, Amt family",inorganic,ammonium
141,2.370274677,0.417120171,Other Alphaproteobacteria_K03320,Other Alphaproteobacteria,K03320,1.5,Transcript,Other Transcript,Transport,prokaryotic_non_photoauto,Morning,2.243354406,0.871522974,"ko:K03320    amt, AMT, MEP; ammonium transporter, Amt family",inorganic,ammonium
162,1.998108331,1.569574977,SAR92_K03320,SAR92,K03320,6,Transcript,SAR92,Transport,prokaryotic_non_photoauto,Night,1.653506352,1.929227631,"ko:K03320    amt, AMT, MEP; ammonium transporter, Amt family",inorganic,ammonium
58,-2.202189677,1.316814731,Low-light Pro_K03320,Low-light Pro,K03320,5,Transcript,Other Transcript,Transport,prokaryotic_photoauto,Dusk,-2.416773029,0.861886612,"ko:K03320    amt, AMT, MEP; ammonium transporter, Amt family",inorganic,ammonium
62,-2.138537675,1.491467146,High-light Pro_K03320,High-light Pro,K03320,5,Transcript,High-light Pro,Transport,prokaryotic_photoauto,Dusk,-2.388417079,1.04560102,"ko:K03320    amt, AMT, MEP; ammonium transporter, Amt family",inorganic,ammonium
27,2.415815859,0.616032163,Cryptophyta_K03321,Cryptophyta,K03321,1,Transcript,Cryptophyta,Transport,eukaryotic,Night,2.249214722,1.075497572,"ko:K03321    TC.SULP; sulfate permease, SulP family",inorganic,sulfate
123,1.751184232,-3.877171681,SAR11_K03321,SAR11,K03321,2,Transcript,SAR11,Transport,prokaryotic_non_photoauto,Afternoon,2.47393439,-3.461033818,"ko:K03321    TC.SULP; sulfate permease, SulP family",inorganic,sulfate
122,-2.078330223,0.475647508,Crocosphaera_K03321,Crocosphaera,K03321,5,Transcript,Crocosphaera,Transport,prokaryotic_photoauto,Dusk,-2.131189916,0.061045963,"ko:K03321    TC.SULP; sulfate permease, SulP family",inorganic,sulfate
16,1.62550577,3.130126431,Cercozoa_K01533,Cercozoa,K01533,1,Transcript,Cercozoa,Transport,eukaryotic,Night,0.983614759,3.387102373,ko:K01533    copB; P-type Cu2+ transporter [EC:7.2.2.9],metal,copper2
136,-1.507187774,0.452260718,Crocosphaera_K01533,Crocosphaera,K01533,5,Transcript,Crocosphaera,Transport,prokaryotic_photoauto,Dusk,-1.566459272,0.149532907,ko:K01533    copB; P-type Cu2+ transporter [EC:7.2.2.9],metal,copper2
33,-2.720623125,-0.287111224,Haptophyta_K01537,Haptophyta,K01537,4.5,Transcript,Haptophyta,Transport,eukaryotic,Dusk,-2.612334494,-0.812361704,ko:K01537    ATP2C; P-type Ca2+ transporter type 2C [EC:7.2.2.10],metal,calcium
15,0.487843117,2.914190099,Cercozoa_K01537,Cercozoa,K01537,1,Transcript,Cercozoa,Transport,eukaryotic,Night,-0.090060936,2.953368224,ko:K01537    ATP2C; P-type Ca2+ transporter type 2C [EC:7.2.2.10],metal,calcium
131,-1.104353195,-1.477648613,Crocosphaera_K01537,Crocosphaera,K01537,4,Transcript,Crocosphaera,Transport,prokaryotic_photoauto,Afternoon,-0.794858414,-1.664704629,ko:K01537    ATP2C; P-type Ca2+ transporter type 2C [EC:7.2.2.10],metal,calcium
109,-1.598665501,0.384150786,Crocosphaera_K02007,Crocosphaera,K02007,5,Transcript,Crocosphaera,Transport,prokaryotic_photoauto,Dusk,-1.642891692,0.064885269,ko:K02007    cbiM; cobalt/nickel transport system permease protein,metal,cobalt_nickel
70,-2.129099429,0.598885251,Crocosphaera_K02009,Crocosphaera,K02009,5,Transcript,Crocosphaera,Transport,prokaryotic_photoauto,Dusk,-2.205026097,0.172011146,ko:K02009    cbiN; cobalt/nickel transport protein,metal,cobalt_nickel
154,1.248528095,-2.597360795,High-light Pro_K02011,High-light Pro,K02011,4,Transcript,High-light Pro,Transport,prokaryotic_photoauto,Afternoon,1.731257932,-2.303877487,"ko:K02011    afuB, fbpB; iron(III) transport system permease protein",metal,iron3
133,2.612400053,0.660547783,SAR11-like_K02012,SAR11-like,K02012,2,Transcript,Other Transcript,Transport,prokaryotic_non_photoauto,Morning,2.433337039,1.15750951,"ko:K02012    afuA, fbpA; iron(III) transport system substrate-binding protein",metal,iron3
126,3.052927057,1.644059502,SAR116_K02012,SAR116,K02012,2,Transcript,Other Transcript,Transport,prokaryotic_non_photoauto,Night,2.673525822,2.208065883,"ko:K02012    afuA, fbpA; iron(III) transport system substrate-binding protein",metal,iron3
57,3.753506163,1.357288199,Other Alphaproteobacteria_K02014,Other Alphaproteobacteria,K02014,2,Transcript,Other Transcript,Transport,prokaryotic_non_photoauto,Morning,3.416589803,2.063481013,ko:K02014    TC.FEV.OM; iron complex outermembrane recepter protein,metal,iron_complex
84,3.58275775,0.225562389,SAR86_K02014,SAR86,K02014,2,Transcript,Other Transcript,Transport,prokaryotic_non_photoauto,Morning,3.469911025,0.920189634,ko:K02014    TC.FEV.OM; iron complex outermembrane recepter protein,metal,iron_complex
76,3.041946695,1.591954012,Other Gammaproteobacteria_K02014,Other Gammaproteobacteria,K02014,2,Transcript,Other Transcript,Transport,prokaryotic_non_photoauto,Night,2.672921721,2.154819422,ko:K02014    TC.FEV.OM; iron complex outermembrane recepter protein,metal,iron_complex
165,4.050944823,1.224912586,Rivulariaceae_K02014,Rivulariaceae,K02014,2,Transcript,Other Transcript,Transport,prokaryotic_photoauto,Morning,3.734138463,1.991676364,ko:K02014    TC.FEV.OM; iron complex outermembrane recepter protein,metal,iron_complex
63,2.81383848,0.458049142,#NAME?,--,K02014,2,Transcript,Other Transcript,Transport,,Morning,2.670410408,0.998200511,ko:K02014    TC.FEV.OM; iron complex outermembrane recepter protein,metal,iron_complex
46,2.097436691,1.993725416,Ochrophyta_K02074,Ochrophyta,K02074,1,Transcript,Ochrophyta,Transport,eukaryotic,Night,1.6681785,2.364606141,ko:K02074    ABC.ZM.A; zinc/manganese transport system ATP-binding protein,metal,zinc_manganese
19,2.67510605,2.088347658,Chlorarachniophyta_K02193,Chlorarachniophyta,K02193,1,Transcript,Other Transcript,Transport,eukaryotic,Night,2.21628822,2.570107944,ko:K02193    ccmA; heme exporter protein A [EC:7.6.2.5],metal,heme
75,-2.144199814,-0.308865301,SAR11_K02196,SAR11,K02196,5,Transcript,SAR11,Transport,prokaryotic_non_photoauto,Dusk,-2.042742985,-0.721243173,ko:K02196    ccmD; heme exporter protein D,metal,heme
31,3.408896762,0.823468927,Glaucophyta_K02471,Glaucophyta,K02471,3,Transcript,Other Transcript,Transport,eukaryotic,Night,3.182744948,1.47268897,ko:K02471    bacA; vitamin B12/bleomycin/antimicrobial peptide transport system ATP-binding/permease protein,metal,vitamin_b12
114,3.878162208,1.580968966,Crocosphaera_K02471,Crocosphaera,K02471,2,Transcript,Crocosphaera,Transport,prokaryotic_photoauto,Night,3.495212664,2.307183004,ko:K02471    bacA; vitamin B12/bleomycin/antimicrobial peptide transport system ATP-binding/permease protein,metal,vitamin_b12
29,1.72052935,2.798499817,Cryptophyta_K03307,Cryptophyta,K03307,6,Transcript,Cryptophyta,Transport,eukaryotic,Night,1.141509631,3.080386053,"ko:K03307    TC.SSS; solute:Na+ symporter, SSS family",metal,sodium
71,-0.698695042,0.284620606,Crocosphaera_K04759,Crocosphaera,K04759,5,Transcript,Crocosphaera,Transport,prokaryotic_photoauto,Dusk,-0.740796538,0.14284306,ko:K04759    feoB; ferrous iron transport protein B,metal,iron2
22,2.099726078,1.896783886,Chlorophyta_K06213,Chlorophyta,K06213,1,Transcript,Chlorophyta,Transport,eukaryotic,Night,1.689336251,2.269973952,ko:K06213    mgtE; magnesium transporter,metal,magnesium
163,0.10916,-1.945823331,Other Gammaproteobacteria_K06213,Other Gammaproteobacteria,K06213,5,Transcript,Other Transcript,Transport,prokaryotic_non_photoauto,Afternoon,0.486673822,-1.887138822,ko:K06213    mgtE; magnesium transporter,metal,magnesium
50,-1.152714072,3.263461496,Rhodophyta_K06860,Rhodophyta,K06860,6,Transcript,Rhodophyta,Transport,eukaryotic,Night,-1.767234748,2.975871639,ko:K06860    K06860; putative heme uptake system protein,metal,heme
93,-0.247202277,-4.234068056,High-light Pro_K06860,High-light Pro,K06860,4,Transcript,High-light Pro,Transport,prokaryotic_photoauto,Afternoon,0.583573346,-4.200938398,ko:K06860    K06860; putative heme uptake system protein,metal,heme
137,2.88621823,0.60152268,Crocosphaera_K06860,Crocosphaera,K06860,2,Transcript,Crocosphaera,Transport,prokaryotic_photoauto,Morning,2.713409103,1.153037834,ko:K06860    K06860; putative heme uptake system protein,metal,heme
160,-1.628138758,-3.758204329,Euryarchaeota_K09815,Euryarchaeota,K09815,3,Transcript,Other Transcript,Transport,archaea,Afternoon,-0.863665236,-4.003625601,ko:K09815    znuA; zinc transport system substrate-binding protein,metal,zinc
102,-1.128227219,1.094523629,Crocosphaera_K10716,Crocosphaera,K10716,5,Transcript,Crocosphaera,Transport,prokaryotic_photoauto,Dusk,-1.320079617,0.853386453,"ko:K10716    kch, trkA, mthK, pch; voltage-gated potassium channel",metal,potassium
108,-2.106210015,-2.835483183,High-light Pro_K11601,High-light Pro,K11601,5,Transcript,High-light Pro,Transport,prokaryotic_photoauto,Afternoon,-1.512564453,-3.191901359,ko:K11601    mntC; manganese transport system substrate-binding protein,metal,manganese
89,3.786058367,1.58201291,Crocosphaera_K11601,Crocosphaera,K11601,1,Transcript,Crocosphaera,Transport,prokaryotic_photoauto,Night,3.404674909,2.290238321,ko:K11601    mntC; manganese transport system substrate-binding protein,metal,manganese
124,0.638761194,2.02814179,Crocosphaera_K11603,Crocosphaera,K11603,6,Transcript,Crocosphaera,Transport,prokaryotic_photoauto,Night,0.230816742,2.113787741,ko:K11603    mntA; manganese transport system ATP-binding protein [EC:7.2.2.5],metal,manganese
52,2.992499621,0.569883454,Sarcomastigophora_K16092,Sarcomastigophora,K16092,2,Transcript,Sarcomastigophora,Transport,eukaryotic,Morning,2.823820834,1.142741018,ko:K16092    btuB; vitamin B12 transporter,metal,vitamin_b12
147,3.050418072,1.695798856,SAR92_K16092,SAR92,K16092,1,Transcript,SAR92,Transport,prokaryotic_non_photoauto,Night,2.660971199,2.2583216,ko:K16092    btuB; vitamin B12 transporter,metal,vitamin_b12
83,3.223622435,2.540943658,High-light Pro_K02032,High-light Pro,K02032,1,Transcript,High-light Pro,Transport,prokaryotic_photoauto,Night,2.665967917,3.121017677,ko:K02032    ABC.PE.A1; peptide/nickel transport system ATP-binding protein,organic,peptides
144,2.054784403,0.968898526,Crocosphaera_K02033,Crocosphaera,K02033,1,Transcript,Crocosphaera,Transport,prokaryotic_photoauto,Night,1.826279572,1.351149963,ko:K02033    ABC.PE.P; peptide/nickel transport system permease protein,organic,peptides
11,2.502480657,-1.16550307,Bacillariophyta_K02034,Bacillariophyta,K02034,4,Transcript,Bacillariophyta,Transport,eukaryotic,Morning,2.681774562,-0.654898498,ko:K02034    ABC.PE.P1; peptide/nickel transport system permease protein,organic,peptides
53,3.833129453,-0.208082477,Sarcomastigophora_K02035,Sarcomastigophora,K02035,2,Transcript,Sarcomastigophora,Transport,eukaryotic,Morning,3.800071823,0.543722229,ko:K02035    ABC.PE.S; peptide/nickel transport system substrate-binding protein,organic,peptides
145,-1.65552619,-2.197104755,SUP05/ARCTIC96BD-19_K02035,SUP05/ARCTIC96BD-19,K02035,5,Transcript,Other Transcript,Transport,prokaryotic_non_photoauto,Afternoon,-1.195081845,-2.477865141,ko:K02035    ABC.PE.S; peptide/nickel transport system substrate-binding protein,organic,peptides
117,3.206311607,-2.840461068,Other Bacteroidetes_K02035,Other Bacteroidetes,K02035,2,Transcript,Other Transcript,Transport,prokaryotic_non_photoauto,Morning,3.698849693,-2.160362042,ko:K02035    ABC.PE.S; peptide/nickel transport system substrate-binding protein,organic,peptides
73,2.686169198,1.657508642,SAR116_K02035,SAR116,K02035,2,Transcript,Other Transcript,Transport,prokaryotic_non_photoauto,Night,2.311191315,2.149705692,ko:K02035    ABC.PE.S; peptide/nickel transport system substrate-binding protein,organic,peptides
128,2.356613746,3.228448342,SAR324_K02035,SAR324,K02035,2,Transcript,Other Transcript,Transport,prokaryotic_non_photoauto,Night,1.681493047,3.626167147,ko:K02035    ABC.PE.S; peptide/nickel transport system substrate-binding protein,organic,peptides
72,-2.721050923,-1.206143064,High-light Pro_K02035,High-light Pro,K02035,4,Transcript,High-light Pro,Transport,prokaryotic_photoauto,Dusk,-2.433459853,-1.713818064,ko:K02035    ABC.PE.S; peptide/nickel transport system substrate-binding protein,organic,peptides
7,2.372151524,-0.9513265,Dinophyta_K02044,Dinophyta,K02044,2,Transcript,Dinophyta,Transport,eukaryotic,Morning,2.512165891,-0.470263223,ko:K02044    phnD; phosphonate transport system substrate-binding protein,organic,phosphonate
130,1.362930486,-0.568288294,Crocosphaera_K02044,Crocosphaera,K02044,5,Transcript,Crocosphaera,Transport,prokaryotic_photoauto,Morning,1.447609705,-0.291474247,ko:K02044    phnD; phosphonate transport system substrate-binding protein,organic,phosphonate
49,-2.029939594,1.963063812,Ochrophyta_K02055,Ochrophyta,K02055,5,Transcript,Ochrophyta,Transport,eukaryotic,Dusk,-2.373909625,1.529322522,ko:K02055    ABC.SP.S; putative spermidine/putrescine transport system substrate-binding protein,organic,spermidine_putrescine
138,-0.46297352,2.987169793,SUP05/ARCTIC96BD-19_K02055,SUP05/ARCTIC96BD-19,K02055,5,Transcript,Other Transcript,Transport,prokaryotic_non_photoauto,Night,-1.03684553,2.83945051,ko:K02055    ABC.SP.S; putative spermidine/putrescine transport system substrate-binding protein,organic,spermidine_putrescine
111,2.693334067,0.459166367,SAR11-like_K02064,SAR11-like,K02064,2,Transcript,Other Transcript,Transport,prokaryotic_non_photoauto,Morning,2.552003493,0.975787024,"ko:K02064    thiB, tbpA; thiamine transport system substrate-binding protein",organic,thiamine
135,-1.121734962,-2.954844215,High-light Pro_K02066,High-light Pro,K02066,4,Transcript,High-light Pro,Transport,prokaryotic_photoauto,Afternoon,-0.52371963,-3.116907347,"ko:K02066    mlaE, linK; phospholipid/cholesterol/gamma-HCH transport system permease protein",organic,phospholipid
12,-1.582727468,-1.671772237,Bacillariophyta_K02067,Bacillariophyta,K02067,4,Transcript,Bacillariophyta,Transport,eukaryotic,Afternoon,-1.226169219,-1.948424414,"ko:K02067    mlaD, linM; phospholipid/cholesterol/gamma-HCH transport system substrate-binding protein",organic,phospholipid
55,3.91268665,1.290199841,SAR11_K05813,SAR11,K05813,2,Transcript,SAR11,Transport,prokaryotic_non_photoauto,Morning,3.58579997,2.028736311,ko:K05813    ugpB; sn-glycerol 3-phosphate transport system substrate-binding protein,organic,glycerol
107,2.633028021,2.153796839,SAR11-like_K05813,SAR11-like,K05813,2,Transcript,Other Transcript,Transport,prokaryotic_non_photoauto,Night,2.162250207,2.626090521,ko:K05813    ugpB; sn-glycerol 3-phosphate transport system substrate-binding protein,organic,glycerol
38,-1.673468311,0.39067588,Haptophyta_K06901,Haptophyta,K06901,5,Transcript,Haptophyta,Transport,eukaryotic,Dusk,-1.71753017,0.056691681,"ko:K06901    pbuG; putative MFS transporter, AGZA family, xanthine/uracil permease",organic,xanthine
4,3.038228643,-0.197872979,Dinophyta_K06901,Dinophyta,K06901,2,Transcript,Dinophyta,Transport,eukaryotic,Morning,3.018453035,0.398658099,"ko:K06901    pbuG; putative MFS transporter, AGZA family, xanthine/uracil permease",organic,xanthine
164,1.667554966,-0.746648001,SAR11_K06901,SAR11,K06901,2,Transcript,SAR11,Transport,prokaryotic_non_photoauto,Morning,1.781177164,-0.406977533,"ko:K06901    pbuG; putative MFS transporter, AGZA family, xanthine/uracil permease",organic,xanthine
166,-1.84928546,2.356563939,Roseobacter_K11069,Roseobacter,K11069,6,Transcript,Other Transcript,Transport,prokaryotic_non_photoauto,Dusk,-2.273494776,1.950505527,ko:K11069    potD; spermidine/putrescine transport system substrate-binding protein,organic,spermidine_putrescine
148,2.176572767,0.957020998,SAR324_K11069,SAR324,K11069,2,Transcript,Other Transcript,Transport,prokaryotic_non_photoauto,Night,1.948044997,1.363260389,ko:K11069    potD; spermidine/putrescine transport system substrate-binding protein,organic,spermidine_putrescine
120,3.876437761,1.182368087,Verrucomicrobia_K11959,Verrucomicrobia,K11959,2,Transcript,Other Transcript,Transport,prokaryotic_non_photoauto,Morning,3.571284526,1.915904707,ko:K11959    urtA; urea transport system substrate-binding protein,organic,urea
81,-0.578636802,3.002445489,High-light Pro_K11959,High-light Pro,K11959,6,Transcript,High-light Pro,Transport,prokaryotic_photoauto,Night,-1.153266516,2.831867901,ko:K11959    urtA; urea transport system substrate-binding protein,organic,urea
86,1.621196762,-3.786334892,Roseobacter_K13893,Roseobacter,K13893,3,Transcript,Other Transcript,Transport,prokaryotic_non_photoauto,Afternoon,2.328723215,-3.397301731,ko:K13893    yejA; microcin C transport system substrate-binding protein,organic,microcin_c
54,3.244274202,-0.299375359,Sarcomastigophora_K13896,Sarcomastigophora,K13896,2,Transcript,Sarcomastigophora,Transport,eukaryotic,Morning,3.240341618,0.339303553,ko:K13896    yejF; microcin C transport system ATP-binding protein,organic,microcin_c
41,-2.427273947,1.775054673,Haptophyta_K15580,Haptophyta,K15580,6,Transcript,Haptophyta,Transport,eukaryotic,Dusk,-2.726930547,1.267409839,"ko:K15580    oppA, mppA; oligopeptide transport system substrate-binding protein",organic,peptides
66,3.527452948,1.874933488,SAR11_K17321,SAR11,K17321,2,Transcript,SAR11,Transport,prokaryotic_non_photoauto,Night,3.093892551,2.527079098,ko:K17321    glpV; glycerol transport system substrate-binding protein,organic,glycerol
28,2.455693637,0.697901813,Cryptophyta_K03559,Cryptophyta,K03559,1,Transcript,Cryptophyta,Transport,eukaryotic,Morning,2.272354283,1.163573888,ko:K03559    exbD; biopolymer transport protein ExbD,organic,biopolymer
87,2.255325929,-1.763452147,SAR92_K03561,SAR92,K03561,2,Transcript,SAR92,Transport,prokaryotic_non_photoauto,Morning,2.556022921,-1.289575647,ko:K03561    exbB; biopolymer transport protein ExbB,organic,biopolymer
105,3.980912217,0.702271049,OM60/NOR5_K03561,OM60/NOR5,K03561,2,Transcript,Other Transcript,Transport,prokaryotic_non_photoauto,Morning,3.76741382,1.465414554,ko:K03561    exbB; biopolymer transport protein ExbB,organic,biopolymer
112,2.989222433,0.550469838,SAR86_K03561,SAR86,K03561,2,Transcript,Other Transcript,Transport,prokaryotic_non_photoauto,Morning,2.824394025,1.123061081,ko:K03561    exbB; biopolymer transport protein ExbB,organic,biopolymer
64,-0.321182984,2.476159931,Other Alphaproteobacteria_K08226,Other Alphaproteobacteria,K08226,6,Transcript,Other Transcript,Transport,prokaryotic_non_photoauto,Night,-0.798086381,2.36592152,"ko:K08226    pucC; MFS transporter, BCD family, chlorophyll transporter",organic,chlorophyll
100,0.611895601,3.55799184,OM60/NOR5_K08226,OM60/NOR5,K08226,1,Transcript,Other Transcript,Transport,prokaryotic_non_photoauto,Night,-0.093991575,3.609000934,"ko:K08226    pucC; MFS transporter, BCD family, chlorophyll transporter",organic,chlorophyll
121,1.870729747,0.538616917,SAR11-like_K10018,SAR11-like,K10018,2,Transcript,Other Transcript,Transport,prokaryotic_non_photoauto,Morning,1.729705251,0.893228813,"ko:K10018    occT, nocT; octopine/nopaline transport system substrate-binding protein",organic,octopine
132,-0.334889121,2.651760862,SAR11_K10019,SAR11,K10019,6,Transcript,SAR11,Transport,prokaryotic_non_photoauto,Night,-0.845787201,2.535474394,"ko:K10019    occM, nocM; octopine/nopaline transport system permease protein",organic,octopine
60,4.048433951,-0.665738476,High-light Pro_K02003,High-light Pro,K02003,2,Transcript,High-light Pro,Transport,prokaryotic_photoauto,Morning,4.100523562,0.136863786,ko:K02003    ABC.CD.A; putative ABC transport system ATP-binding protein,other,hypothetical
115,2.579532237,1.772167827,Crocosphaera_K03442,Crocosphaera,K03442,2,Transcript,Crocosphaera,Transport,prokaryotic_photoauto,Night,2.184234457,2.241357894,ko:K03442    mscS; small conductance mechanosensitive channel,other,protons
35,-2.02162822,1.310223654,Haptophyta_K07301,Haptophyta,K07301,5,Transcript,Haptophyta,Transport,eukaryotic,Dusk,-2.238395155,0.890647974,ko:K07301    yrbG; cation:H+ antiporter,other,protons
44,-1.533208791,2.775157893,Ochrophyta_K07301,Ochrophyta,K07301,5,Transcript,Ochrophyta,Transport,eukaryotic,Dusk,-2.045155061,2.422719816,ko:K07301    yrbG; cation:H+ antiporter,other,protons
167,1.632066722,3.83775518,Crocosphaera_K07301,Crocosphaera,K07301,6,Transcript,Crocosphaera,Transport,prokaryotic_photoauto,Night,0.851998123,4.082414212,ko:K07301    yrbG; cation:H+ antiporter,other,protons
110,-1.807269464,-1.039124646,SAR11_K02025,SAR11,K02025,5,Transcript,SAR11,Transport,prokaryotic_non_photoauto,Dusk,-1.569820127,-1.371738939,ko:K02025    ABC.MS.P; multiple sugar transport system permease protein,sugar,putative_multiple_sugar
77,4.028189184,1.304508809,Roseobacter_K02025,Roseobacter,K02025,2,Transcript,Other Transcript,Transport,prokaryotic_non_photoauto,Morning,3.696291615,2.065303763,ko:K02025    ABC.MS.P; multiple sugar transport system permease protein,sugar,putative_multiple_sugar
80,3.454665613,0.375891532,SAR116_K02025,SAR116,K02025,2,Transcript,Other Transcript,Transport,prokaryotic_non_photoauto,Morning,3.314952382,1.042640709,ko:K02025    ABC.MS.P; multiple sugar transport system permease protein,sugar,putative_multiple_sugar
79,0.017306899,3.28977727,SAR324_K02027,SAR324,K02027,5,Transcript,Other Transcript,Transport,prokaryotic_non_photoauto,Night,-0.624829356,3.229941531,ko:K02027    ABC.MS.S; multiple sugar transport system substrate-binding protein,sugar,putative_multiple_sugar
106,2.585733155,1.677990196,Roseobacter_K02027,Roseobacter,K02027,2,Transcript,Other Transcript,Transport,prokaryotic_non_photoauto,Night,2.20868937,2.150199599,ko:K02027    ABC.MS.S; multiple sugar transport system substrate-binding protein,sugar,putative_multiple_sugar
153,0.163880627,1.745755558,Other Alphaproteobacteria_K02027,Other Alphaproteobacteria,K02027,5,Transcript,Other Transcript,Transport,prokaryotic_non_photoauto,Night,-0.179848307,1.744182879,ko:K02027    ABC.MS.S; multiple sugar transport system substrate-binding protein,sugar,putative_multiple_sugar
2,3.914846037,-1.056136451,Dinophyta_K02056,Dinophyta,K02056,2,Transcript,Dinophyta,Transport,eukaryotic,Morning,4.045665369,-0.272094511,ko:K02056    ABC.SS.A; simple sugar transport system ATP-binding protein [EC:7.5.2.-],sugar,simple_sugar
10,3.079530066,-1.098965703,Bacillariophyta_K02056,Bacillariophyta,K02056,2,Transcript,Bacillariophyta,Transport,eukaryotic,Morning,3.234755332,-0.477062873,ko:K02056    ABC.SS.A; simple sugar transport system ATP-binding protein [EC:7.5.2.-],sugar,simple_sugar
40,3.321352726,-0.544260205,Haptophyta_K02056,Haptophyta,K02056,2,Transcript,Haptophyta,Transport,eukaryotic,Morning,3.363713764,0.114161375,ko:K02056    ABC.SS.A; simple sugar transport system ATP-binding protein [EC:7.5.2.-],sugar,simple_sugar
42,0.27310267,2.734416504,Ochrophyta_K02056,Ochrophyta,K02056,6,Transcript,Ochrophyta,Transport,eukaryotic,Night,-0.265603117,2.735155145,ko:K02056    ABC.SS.A; simple sugar transport system ATP-binding protein [EC:7.5.2.-],sugar,simple_sugar
65,-1.746127335,-2.003541477,Other Alphaproteobacteria_K02056,Other Alphaproteobacteria,K02056,4,Transcript,Other Transcript,Transport,prokaryotic_non_photoauto,Afternoon,-1.321704436,-2.305696534,ko:K02056    ABC.SS.A; simple sugar transport system ATP-binding protein [EC:7.5.2.-],sugar,simple_sugar
51,2.890715466,-0.451580099,Rhodophyta_K02057,Rhodophyta,K02057,2,Transcript,Rhodophyta,Transport,eukaryotic,Morning,2.923270086,0.121047497,ko:K02057    ABC.SS.P; simple sugar transport system permease protein,sugar,simple_sugar
99,-1.90336863,-0.486704861,Other Alphaproteobacteria_K02057,Other Alphaproteobacteria,K02057,5,Transcript,Other Transcript,Transport,prokaryotic_non_photoauto,Dusk,-1.771844527,-0.848681763,ko:K02057    ABC.SS.P; simple sugar transport system permease protein,sugar,simple_sugar
129,-3.460829734,-0.866204398,Other Gammaproteobacteria_K02057,Other Gammaproteobacteria,K02057,5,Transcript,Other Transcript,Transport,prokaryotic_non_photoauto,Dusk,-3.225342766,-1.52473491,ko:K02057    ABC.SS.P; simple sugar transport system permease protein,sugar,simple_sugar
104,-2.698802022,1.472240954,Roseobacter_K02058,Roseobacter,K02058,5,Transcript,Other Transcript,Transport,prokaryotic_non_photoauto,Dusk,-2.93416526,0.917442101,ko:K02058    ABC.SS.S; simple sugar transport system substrate-binding protein,sugar,simple_sugar
152,-3.311075573,-1.349302351,Other Alphaproteobacteria_K02058,Other Alphaproteobacteria,K02058,5,Transcript,Other Transcript,Transport,prokaryotic_non_photoauto,Dusk,-2.984218354,-1.969334685,ko:K02058    ABC.SS.S; simple sugar transport system substrate-binding protein,sugar,simple_sugar
161,2.582875704,1.382448315,SAR11_K02058,SAR11,K02058,2,Transcript,SAR11,Transport,prokaryotic_non_photoauto,Night,2.263544185,1.859779011,ko:K02058    ABC.SS.S; simple sugar transport system substrate-binding protein,sugar,simple_sugar
5,1.00584246,0.578880182,Dinophyta_K02429,Dinophyta,K02429,6,Transcript,Dinophyta,Transport,eukaryotic,Night,0.873581558,0.763987291,"ko:K02429    fucP; MFS transporter, FHS family, L-fucose permease",sugar,fucose
26,-1.245316674,1.044259938,Cryptophyta_K06861,Cryptophyta,K06861,6,Transcript,Cryptophyta,Transport,eukaryotic,Dusk,-1.425113271,0.781245545,ko:K06861    lptB; lipopolysaccharide export system ATP-binding protein [EC:3.6.3.-],sugar,lipopolysaccharide_export
61,4.234118902,-1.194900603,Crocosphaera_K06861,Crocosphaera,K06861,2,Transcript,Crocosphaera,Transport,prokaryotic_photoauto,Morning,4.385875038,-0.345905303,ko:K06861    lptB; lipopolysaccharide export system ATP-binding protein [EC:3.6.3.-],sugar,lipopolysaccharide_export
116,-0.26173968,1.883053628,Roseobacter_K10117,Roseobacter,K10117,5,Transcript,Other Transcript,Transport,prokaryotic_non_photoauto,Night,-0.624075964,1.795808403,ko:K10117    msmE; raffinose/stachyose/melibiose transport system substrate-binding protein,sugar,raffinose_stachyose_melibiose
125,1.931173956,3.542111765,#NAME?,--,K10117,1,Transcript,Other Transcript,Transport,,Night,1.203035265,3.85080443,ko:K10117    msmE; raffinose/stachyose/melibiose transport system substrate-binding protein,sugar,raffinose_stachyose_melibiose
13,-1.787643599,-2.818042692,Bacillariophyta_K10118,Bacillariophyta,K10118,4,Transcript,Bacillariophyta,Transport,eukaryotic,Afternoon,-1.203521672,-3.112646757,ko:K10118    msmF; raffinose/stachyose/melibiose transport system permease protein,sugar,raffinose_stachyose_melibiose
103,2.468090575,1.838143674,Rivulariaceae_K10236,Rivulariaceae,K10236,2,Transcript,Other Transcript,Transport,prokaryotic_photoauto,Night,2.062062866,2.284324844,ko:K10236    thuE; trehalose/maltose transport system substrate-binding protein,sugar,trehalose_maltose
97,-2.465947118,1.56435917,Roseobacter_K10439,Roseobacter,K10439,5,Transcript,Other Transcript,Transport,prokaryotic_non_photoauto,Dusk,-2.72375597,1.05321803,ko:K10439    rbsB; ribose transport system substrate-binding protein,sugar,ribose
67,3.023339097,2.643691844,SAR11-like_K10439,SAR11-like,K10439,2,Transcript,Other Transcript,Transport,prokaryotic_non_photoauto,Night,2.449487791,3.182718244,ko:K10439    rbsB; ribose transport system substrate-binding protein,sugar,ribose
101,1.498825225,1.253466751,Other Gammaproteobacteria_K10439,Other Gammaproteobacteria,K10439,2,Transcript,Other Transcript,Transport,prokaryotic_non_photoauto,Night,1.225486487,1.521788035,ko:K10439    rbsB; ribose transport system substrate-binding protein,sugar,ribose
156,0.286809569,1.788814988,Rivulariaceae_K10439,Rivulariaceae,K10439,5,Transcript,Other Transcript,Transport,prokaryotic_photoauto,Night,-0.067681889,1.810397181,ko:K10439    rbsB; ribose transport system substrate-binding protein,sugar,ribose
25,0.247640011,3.593472322,Cryptophyta_K10441,Cryptophyta,K10441,1,Transcript,Cryptophyta,Transport,eukaryotic,Night,-0.458169995,3.572736928,ko:K10441    rbsA; ribose transport system ATP-binding protein [EC:7.5.2.7],sugar,ribose
37,2.695667627,1.04124302,Haptophyta_K10441,Haptophyta,K10441,1,Transcript,Haptophyta,Transport,eukaryotic,Night,2.440734694,1.547134492,ko:K10441    rbsA; ribose transport system ATP-binding protein [EC:7.5.2.7],sugar,ribose
88,1.621480665,2.930494217,SAR11-like_K10552,SAR11-like,K10552,2,Transcript,Other Transcript,Transport,prokaryotic_non_photoauto,Night,1.018613308,3.190520778,ko:K10552    frcB; fructose transport system substrate-binding protein,sugar,fructose
94,0.729899597,2.790097983,Other Alphaproteobacteria_K10559,Other Alphaproteobacteria,K10559,5,Transcript,Other Transcript,Transport,prokaryotic_non_photoauto,Night,0.171553667,2.87888338,ko:K10559    rhaS; rhamnose transport system substrate-binding protein,sugar,rhamnose
140,0.135331046,1.554001128,#NAME?,--,K17236,1,Transcript,Other Transcript,Transport,,Night,-0.170439882,1.550543209,ko:K17236    araQ; arabinosaccharide transport system permease protein,sugar,arabinose
1,3.838190893,-1.362926697,Dinophyta_K09691,Dinophyta,K09691,2.5,Transcript,Dinophyta,Transport,eukaryotic,Morning,4.030334939,-0.587944545,ko:K09691    ABC-2.LPSE.A; lipopolysaccharide transport system ATP-binding protein,sugar,lipopolysaccharide
96,3.993182758,0.195358431,Crocosphaera_K09691,Crocosphaera,K09691,2,Transcript,Crocosphaera,Transport,prokaryotic_photoauto,Morning,3.878342331,0.970635984,ko:K09691    ABC-2.LPSE.A; lipopolysaccharide transport system ATP-binding protein,sugar,lipopolysaccharide
78,3.035705465,-2.449076808,Crocosphaera_K09774,Crocosphaera,K09774,2,Transcript,Crocosphaera,Transport,prokaryotic_photoauto,Morning,3.455166419,-1.809781727,ko:K09774    lptA; lipopolysaccharide export system protein LptA,sugar,lipopolysaccharide_export
47,1.248787277,1.796854336,Ochrophyta_K03453,Ochrophyta,K03453,1,Transcript,Ochrophyta,Transport,eukaryotic,Night,0.874243289,2.005954596,"ko:K03453    TC.BASS; bile acid:Na+ symporter, BASS family",other,hypothetical
113,1.462040756,0.22267902,#NAME?,--,K03453,1,Transcript,Other Transcript,Transport,,Night,1.390505531,0.503630307,"ko:K03453    TC.BASS; bile acid:Na+ symporter, BASS family",other,hypothetical
143,-1.223261737,-4.077520596,Other Alphaproteobacteria_K06147,Other Alphaproteobacteria,K06147,4,Transcript,Other Transcript,Transport,prokaryotic_non_photoauto,Afternoon,-0.4042723,-4.237818707,"ko:K06147    ABCB-BAC; ATP-binding cassette, subfamily B, bacterial",other,antibiotics
8,3.086799564,-1.39519742,Bacillariophyta_K06158,Bacillariophyta,K06158,2,Transcript,Bacillariophyta,Transport,eukaryotic,Morning,3.29967709,-0.766184372,"ko:K06158    ABCF3; ATP-binding cassette, subfamily F, member 3",other,hypothetical
36,-3.356499571,1.097517026,Haptophyta_K06174,Haptophyta,K06174,5,Transcript,Haptophyta,Transport,eukaryotic,Dusk,-3.506120323,0.421607962,"ko:K06174    ABCE1, Rli1; ATP-binding cassette, sub-family E, member 1",other,other
14,1.662861954,-3.252747519,Bacillariophyta_K07795,Bacillariophyta,K07795,3,Transcript,Bacillariophyta,Transport,eukaryotic,Afternoon,2.265490089,-2.865838613,ko:K07795    tctC; putative tricarboxylic transport membrane protein,organic,tricarboxylate
45,-0.897252377,2.471935937,Ochrophyta_K08218,Ochrophyta,K08218,5,Transcript,Ochrophyta,Transport,eukaryotic,Night,-1.362262702,2.249393125,"ko:K08218    ampG; MFS transporter, PAT family, beta-lactamase induction signal transducer AmpG",other,hypothetical
34,-1.738755628,-0.450882628,Haptophyta_K10112,Haptophyta,K10112,5,Transcript,Haptophyta,Transport,eukaryotic,Dusk,-1.617383089,-0.781433441,"ko:K10112    msmX, msmK, malK, sugC, ggtA, msiK; multiple sugar transport system ATP-binding protein",sugar,multi_sugar
3,3.602756378,0.691190591,Dinophyta_K10112,Dinophyta,K10112,1,Transcript,Dinophyta,Transport,eukaryotic,Morning,3.398685829,1.380772459,"ko:K10112    msmX, msmK, malK, sugC, ggtA, msiK; multiple sugar transport system ATP-binding protein",sugar,multi_sugar
158,0.735134585,3.816425241,SAR324_K10112,SAR324,K10112,5,Transcript,Other Transcript,Transport,prokaryotic_non_photoauto,Night,-0.023538449,3.886511343,"ko:K10112    msmX, msmK, malK, sugC, ggtA, msiK; multiple sugar transport system ATP-binding protein",sugar,multi_sugar
85,-3.052374396,1.032767347,Roseobacter_K10232,Roseobacter,K10232,5,Transcript,Other Transcript,Transport,prokaryotic_non_photoauto,Dusk,-3.195206792,0.417434308,"ko:K10232    aglE, ggtB; alpha-glucoside transport system substrate-binding protein",sugar,alpha_glucoside
118,1.333249277,1.77957875,Chloroflexi_K10232,Chloroflexi,K10232,6,Transcript,Other Transcript,Transport,prokaryotic_non_photoauto,Night,0.960452675,2.005488674,"ko:K10232    aglE, ggtB; alpha-glucoside transport system substrate-binding protein",sugar,alpha_glucoside
157,0.180691779,-1.280156477,Other Alphaproteobacteria_K10547,Other Alphaproteobacteria,K10547,4,Transcript,Other Transcript,Transport,prokaryotic_non_photoauto,Afternoon,0.426965977,-1.220307412,"ko:K10547    ABC.GGU.P, gguB; putative multiple sugar transport system permease protein",sugar,multi_sugar
23,0.08409187,-1.527155757,Chlorophyta_K11928,Chlorophyta,K11928,4.5,Transcript,Chlorophyta,Transport,eukaryotic,Afternoon,0.380409376,-1.481406377,ko:K11928    putP; sodium/proline symporter,amino_acids,proline
168,0.503900664,4.238315662,SAR116_K14393,SAR116,K14393,6,Transcript,Other Transcript,Transport,prokaryotic_non_photoauto,Night,-0.332636013,4.255183758,ko:K14393    actP; cation/acetate symporter,organic,acetate
119,3.100338315,2.340697143,SAR116_K15598,SAR116,K15598,2,Transcript,Other Transcript,Transport,prokaryotic_non_photoauto,Night,2.584118824,2.900567304,ko:K15598    thiY; putative hydroxymethylpyrimidine transport system substrate-binding protein,organic,hydroxymethylpyrmidine_thiamine
30,-0.710106812,-2.762335159,Euglenozoa_K16786,Euglenozoa,K16786,4,Transcript,Other Transcript,Transport,eukaryotic,Afternoon,-0.157557453,-2.84779263,ko:K16786    ecfA1; energy-coupling factor transport system ATP-binding protein [EC:3.6.3.-],metal,metal_complex
146,-1.987117125,2.196086162,Other Alphaproteobacteria_K18138,Other Alphaproteobacteria,K18138,5,Transcript,Other Transcript,Transport,prokaryotic_non_photoauto,Dusk,-2.377370383,1.766221662,"ko:K18138    acrB, mexB, adeJ, smeE, mtrD, cmeB; multidrug efflux pump",other,antibiotics
90,3.067627377,-0.980891401,SAR11-like_K18989,SAR11-like,K18989,2,Transcript,Other Transcript,Transport,prokaryotic_non_photoauto,Morning,3.200046196,-0.363579435,ko:K18989    vexF; multidrug efflux pump,other,antibiotics