"","x","y","full_ids","taxa","kos","time_rank","big_class","new_tax","path","tax_group","cluster","x_rot","y_rot"
"1",3.83819089299157,-1.36292669698945,"Dinophyta_K09691","Dinophyta","K09691",2.5,"Transcript","Dinophyta","Transport","eukaryotic","Morning",4.03033493942391,-0.587944545402747
"2",3.91484603746225,-1.0561364505573,"Dinophyta_K02056","Dinophyta","K02056",2,"Transcript","Dinophyta","Transport","eukaryotic","Morning",4.04566536882009,-0.272094510711844
"3",3.60275637759768,0.69119059058164,"Dinophyta_K10112","Dinophyta","K10112",1,"Transcript","Dinophyta","Transport","eukaryotic","Morning",3.39868582913558,1.38077245904688
"4",3.03822864297297,-0.197872979223879,"Dinophyta_K06901","Dinophyta","K06901",2,"Transcript","Dinophyta","Transport","eukaryotic","Morning",3.01845303476245,0.398658098903906
"5",1.00584245970956,0.578880181612721,"Dinophyta_K02429","Dinophyta","K02429",6,"Transcript","Dinophyta","Transport","eukaryotic","Night",0.873581557848134,0.763987290605138
"6",1.66333713547914,3.04637583790565,"Dinophyta_K02018","Dinophyta","K02018",1,"Transcript","Dinophyta","Transport","eukaryotic","Night",1.03705813562685,3.31234155777593
"7",2.37215152385326,-0.951326499639937,"Dinophyta_K02044","Dinophyta","K02044",2,"Transcript","Dinophyta","Transport","eukaryotic","Morning",2.51216589063861,-0.470263223044797
"8",3.08679956361306,-1.39519742046316,"Bacillariophyta_K06158","Bacillariophyta","K06158",2,"Transcript","Bacillariophyta","Transport","eukaryotic","Morning",3.29967708958103,-0.766184372382304
"9",2.86328692661773,0.135373650297644,"Bacillariophyta_K02049","Bacillariophyta","K02049",2,"Transcript","Bacillariophyta","Transport","eukaryotic","Morning",2.78185958216861,0.691372052104807
"10",3.07953006614354,-1.09896570299637,"Bacillariophyta_K02056","Bacillariophyta","K02056",2,"Transcript","Bacillariophyta","Transport","eukaryotic","Morning",3.23475533231501,-0.477062872904534
"11",2.50248065716661,-1.16550307018717,"Bacillariophyta_K02034","Bacillariophyta","K02034",4,"Transcript","Bacillariophyta","Transport","eukaryotic","Morning",2.68177456231642,-0.654898498258582
"12",-1.5827274676565,-1.67177223711531,"Bacillariophyta_K02067","Bacillariophyta","K02067",4,"Transcript","Bacillariophyta","Transport","eukaryotic","Afternoon",-1.22616921909093,-1.94842441367836
"13",-1.78764359863867,-2.81804269221406,"Bacillariophyta_K10118","Bacillariophyta","K10118",4,"Transcript","Bacillariophyta","Transport","eukaryotic","Afternoon",-1.20352167187263,-3.11264675737993
"14",1.66286195377729,-3.25274751902614,"Bacillariophyta_K07795","Bacillariophyta","K07795",3,"Transcript","Bacillariophyta","Transport","eukaryotic","Afternoon",2.26549008853129,-2.86583861349819
"15",0.487843117178231,2.91419009869076,"Cercozoa_K01537","Cercozoa","K01537",1,"Transcript","Cercozoa","Transport","eukaryotic","Night",-0.0900609362953562,2.95336822391639
"16",1.62550577032455,3.13012643051224,"Cercozoa_K01533","Cercozoa","K01533",1,"Transcript","Cercozoa","Transport","eukaryotic","Night",0.983614759465008,3.3871023730192
"17",0.76985899547797,3.68174177432166,"Cercozoa_K02575","Cercozoa","K02575",6,"Transcript","Cercozoa","Transport","eukaryotic","Night",0.0367941824181649,3.76119017783517
"18",0.441505746193211,-0.820825090979189,"Chlorarachniophyta_K03320","Chlorarachniophyta","K03320",3,"Transcript","Other Transcript","Transport","eukaryotic","Afternoon",0.593157368397794,-0.718919668821227
"19",2.67510605010784,2.08834765769341,"Chlorarachniophyta_K02193","Chlorarachniophyta","K02193",1,"Transcript","Other Transcript","Transport","eukaryotic","Night",2.21628822044236,2.57010794377309
"20",-1.32938307233564,2.20912713134985,"Chlorophyta_K03320","Chlorophyta","K03320",1,"Transcript","Chlorophyta","Transport","eukaryotic","Dusk",-1.73481867279363,1.90732960130259
"21",0.379866483800706,2.6615078418295,"Chlorophyta_K02575","Chlorophyta","K02575",1,"Transcript","Chlorophyta","Transport","eukaryotic","Night",-0.146666966080703,2.68447598959196
"22",2.09972607780089,1.89678388615874,"Chlorophyta_K06213","Chlorophyta","K06213",1,"Transcript","Chlorophyta","Transport","eukaryotic","Night",1.68933625084021,2.26997395231437
"23",0.0840918695118357,-1.52715575677543,"Chlorophyta_K11928","Chlorophyta","K11928",4.5,"Transcript","Chlorophyta","Transport","eukaryotic","Afternoon",0.3804093761769,-1.4814063772264
"24",-0.466613339036619,2.16172440284087,"Cryptophyta_K03320","Cryptophyta","K03320",1,"Transcript","Cryptophyta","Transport","eukaryotic","Night",-0.879379004427266,2.02915572802511
"25",0.247640010528541,3.59347232166099,"Cryptophyta_K10441","Cryptophyta","K10441",1,"Transcript","Cryptophyta","Transport","eukaryotic","Night",-0.458169995223592,3.57273692801961
"26",-1.24531667442416,1.04425993840387,"Cryptophyta_K06861","Cryptophyta","K06861",6,"Transcript","Cryptophyta","Transport","eukaryotic","Dusk",-1.42511327136767,0.781245545475835
"27",2.41581585929783,0.616032162880297,"Cryptophyta_K03321","Cryptophyta","K03321",1,"Transcript","Cryptophyta","Transport","eukaryotic","Night",2.24921472193538,1.07549757153004
"28",2.45569363709922,0.697901813466565,"Cryptophyta_K03559","Cryptophyta","K03559",1,"Transcript","Cryptophyta","Transport","eukaryotic","Morning",2.27235428292196,1.16357388824937
"29",1.72052935042326,2.79849981692686,"Cryptophyta_K03307","Cryptophyta","K03307",6,"Transcript","Cryptophyta","Transport","eukaryotic","Night",1.14150963095053,3.08038605266527
"30",-0.710106811758622,-2.76233515912592,"Euglenozoa_K16786","Euglenozoa","K16786",4,"Transcript","Other Transcript","Transport","eukaryotic","Afternoon",-0.157557452776576,-2.84779263018285
"31",3.40889676171003,0.823468927332681,"Glaucophyta_K02471","Glaucophyta","K02471",3,"Transcript","Other Transcript","Transport","eukaryotic","Night",3.18274494809583,1.47268896975908
"32",-2.27747386820015,1.51809120322479,"Haptophyta_K03320","Haptophyta","K03320",5,"Transcript","Haptophyta","Transport","eukaryotic","Dusk",-2.52987774812069,1.04460839610202
"33",-2.72062312527064,-0.287111224203076,"Haptophyta_K01537","Haptophyta","K01537",4.5,"Transcript","Haptophyta","Transport","eukaryotic","Dusk",-2.61233449360585,-0.812361704130502
"34",-1.73875562792002,-0.450882628436184,"Haptophyta_K10112","Haptophyta","K10112",5,"Transcript","Haptophyta","Transport","eukaryotic","Dusk",-1.61738308890913,-0.781433440517999
"35",-2.02162822009051,1.31022365427999,"Haptophyta_K07301","Haptophyta","K07301",5,"Transcript","Haptophyta","Transport","eukaryotic","Dusk",-2.23839515533919,0.890647973699592
"36",-3.35649957073719,1.09751702579877,"Haptophyta_K06174","Haptophyta","K06174",5,"Transcript","Haptophyta","Transport","eukaryotic","Dusk",-3.50612032264007,0.421607961793255
"37",2.69566762719173,1.04124301951366,"Haptophyta_K10441","Haptophyta","K10441",1,"Transcript","Haptophyta","Transport","eukaryotic","Night",2.44073469363519,1.5471344922989
"38",-1.67346831136013,0.390675880318105,"Haptophyta_K06901","Haptophyta","K06901",5,"Transcript","Haptophyta","Transport","eukaryotic","Dusk",-1.71753017029846,0.0566916810775377
"39",-1.34487821293548,3.53204549886837,"Haptophyta_K02036","Haptophyta","K02036",6,"Transcript","Haptophyta","Transport","eukaryotic","Night",-2.00810464893196,3.20180551137053
"40",3.32135272646833,-0.544260205312774,"Haptophyta_K02056","Haptophyta","K02056",2,"Transcript","Haptophyta","Transport","eukaryotic","Morning",3.36371376386231,0.114161374855843
"41",-2.42727394711317,1.77505467260547,"Haptophyta_K15580","Haptophyta","K15580",6,"Transcript","Haptophyta","Transport","eukaryotic","Dusk",-2.72693054650969,1.26740983883876
"42",0.273102670245888,2.73441650390854,"Ochrophyta_K02056","Ochrophyta","K02056",6,"Transcript","Ochrophyta","Transport","eukaryotic","Night",-0.265603117257749,2.7351551454069
"43",-1.62739335759202,2.18842226420278,"Ochrophyta_K03320","Ochrophyta","K03320",5,"Transcript","Ochrophyta","Transport","eukaryotic","Dusk",-2.02306345478283,1.82888364985726
"44",-1.5332087906137,2.77515789314209,"Ochrophyta_K07301","Ochrophyta","K07301",5,"Transcript","Ochrophyta","Transport","eukaryotic","Dusk",-2.04515506063744,2.42271981570981
"45",-0.897252377350301,2.47193593652304,"Ochrophyta_K08218","Ochrophyta","K08218",5,"Transcript","Ochrophyta","Transport","eukaryotic","Night",-1.3622627023715,2.24939312541456
"46",2.09743669104703,1.99372541601767,"Ochrophyta_K02074","Ochrophyta","K02074",1,"Transcript","Ochrophyta","Transport","eukaryotic","Night",1.66817849973396,2.36460614066075
"47",1.24878727748182,1.79685433625676,"Ochrophyta_K03453","Ochrophyta","K03453",1,"Transcript","Ochrophyta","Transport","eukaryotic","Night",0.874243289032585,2.00595459612292
"48",0.711897412672598,3.38002450965086,"Ochrophyta_K02575","Ochrophyta","K02575",1,"Transcript","Ochrophyta","Transport","eukaryotic","Night",0.0388084334962353,3.45396258194846
"49",-2.0299395936452,1.9630638119635,"Ochrophyta_K02055","Ochrophyta","K02055",5,"Transcript","Ochrophyta","Transport","eukaryotic","Dusk",-2.3739096247691,1.52932252226853
"50",-1.15271407170345,3.26346149629249,"Rhodophyta_K06860","Rhodophyta","K06860",6,"Transcript","Rhodophyta","Transport","eukaryotic","Night",-1.76723474823936,2.97587163928523
"51",2.89071546601721,-0.451580098670218,"Rhodophyta_K02057","Rhodophyta","K02057",2,"Transcript","Rhodophyta","Transport","eukaryotic","Morning",2.92327008576929,0.121047497423511
"52",2.99249962127866,0.569883454082028,"Sarcomastigophora_K16092","Sarcomastigophora","K16092",2,"Transcript","Sarcomastigophora","Transport","eukaryotic","Morning",2.82382083359382,1.1427410180574
"53",3.83312945308162,-0.208082477214738,"Sarcomastigophora_K02035","Sarcomastigophora","K02035",2,"Transcript","Sarcomastigophora","Transport","eukaryotic","Morning",3.80007182294827,0.543722228569142
"54",3.24427420189504,-0.29937535891862,"Sarcomastigophora_K13896","Sarcomastigophora","K13896",2,"Transcript","Sarcomastigophora","Transport","eukaryotic","Morning",3.24034161798572,0.339303553413504
"55",3.9126866497099,1.29019984066228,"SAR11_K05813","SAR11","K05813",2,"Transcript","SAR11","Transport","prokaryotic_non_photoauto","Morning",3.58579997048574,2.02873631094027
"56",3.91255693738492,-0.945313914954543,"Crocosphaera_K02030","Crocosphaera","K02030",2,"Transcript","Crocosphaera","Transport","prokaryotic_photoauto","Morning",4.02179984900148,-0.163847980326907
"57",3.75350616289271,1.35728819875092,"Other Alphaproteobacteria_K02014","Other Alphaproteobacteria","K02014",2,"Transcript","Other Transcript","Transport","prokaryotic_non_photoauto","Morning",3.41658980270498,2.06348101260818
"58",-2.20218967670861,1.31681473093118,"Low-light Pro_K03320","Low-light Pro","K03320",5,"Transcript","Other Transcript","Transport","prokaryotic_photoauto","Dusk",-2.41677302946469,0.861886611945762
"59",-2.50091270335157,2.05143075818118,"Other Alphaproteobacteria_K02050","Other Alphaproteobacteria","K02050",5,"Transcript","Other Transcript","Transport","prokaryotic_non_photoauto","Dusk",-2.85307265422802,1.52410922675946
"60",4.04843395110545,-0.6657384757878,"High-light Pro_K02003","High-light Pro","K02003",2,"Transcript","High-light Pro","Transport","prokaryotic_photoauto","Morning",4.10052356154888,0.136863785531432
"61",4.23411890202332,-1.19490060310858,"Crocosphaera_K06861","Crocosphaera","K06861",2,"Transcript","Crocosphaera","Transport","prokaryotic_photoauto","Morning",4.38587503801928,-0.345905303023531
"62",-2.138537674611,1.49146714647543,"High-light Pro_K03320","High-light Pro","K03320",5,"Transcript","High-light Pro","Transport","prokaryotic_photoauto","Dusk",-2.38841707872859,1.04560101988463
"63",2.81383847996758,0.458049141633466,"--_K02014","--","K02014",2,"Transcript","Other Transcript","Transport","","Morning",2.67041040804392,0.998200510973686
"64",-0.321182984190396,2.47615993061507,"Other Alphaproteobacteria_K08226","Other Alphaproteobacteria","K08226",6,"Transcript","Other Transcript","Transport","prokaryotic_non_photoauto","Night",-0.798086381437051,2.36592152005974
"65",-1.74612733468323,-2.00354147725592,"Other Alphaproteobacteria_K02056","Other Alphaproteobacteria","K02056",4,"Transcript","Other Transcript","Transport","prokaryotic_non_photoauto","Afternoon",-1.32170443559651,-2.30569653357446
"66",3.52745294827126,1.87493348771818,"SAR11_K17321","SAR11","K17321",2,"Transcript","SAR11","Transport","prokaryotic_non_photoauto","Night",3.09389255110167,2.52707909806406
"67",3.02333909665292,2.64369184394292,"SAR11-like_K10439","SAR11-like","K10439",2,"Transcript","Other Transcript","Transport","prokaryotic_non_photoauto","Night",2.44948779051855,3.18271824439126
"68",2.07898277134481,-1.91887539408175,"Crocosphaera_K11954","Crocosphaera","K11954",2,"Transcript","Crocosphaera","Transport","prokaryotic_photoauto","Morning",2.41338971888714,-1.47641532311568
"69",0.106183640329116,-3.30104566382479,"SAR11_K03320","SAR11","K03320",3,"Transcript","SAR11","Transport","prokaryotic_non_photoauto","Afternoon",0.74814541299995,-3.21690159643362
"70",-2.1290994286286,0.598885251392709,"Crocosphaera_K02009","Crocosphaera","K02009",5,"Transcript","Crocosphaera","Transport","prokaryotic_photoauto","Dusk",-2.20502609665877,0.17201114608105
"71",-0.698695041804277,0.284620605908051,"Crocosphaera_K04759","Crocosphaera","K04759",5,"Transcript","Crocosphaera","Transport","prokaryotic_photoauto","Dusk",-0.740796538151382,0.142843060077396
"72",-2.7210509226344,-1.20614306388269,"High-light Pro_K02035","High-light Pro","K02035",4,"Transcript","High-light Pro","Transport","prokaryotic_photoauto","Dusk",-2.43345985341706,-1.71381806383562
"73",2.68616919797296,1.65750864227653,"SAR116_K02035","SAR116","K02035",2,"Transcript","Other Transcript","Transport","prokaryotic_non_photoauto","Night",2.31119131527818,2.14970569230831
"74",-0.396989747475647,2.82465443029308,"Other Alphaproteobacteria_K02051","Other Alphaproteobacteria","K02051",6,"Transcript","Other Transcript","Transport","prokaryotic_non_photoauto","Night",-0.940424443185271,2.6929306297851
"75",-2.14419981396218,-0.308865300800883,"SAR11_K02196","SAR11","K02196",5,"Transcript","SAR11","Transport","prokaryotic_non_photoauto","Dusk",-2.0427429847846,-0.721243172825626
"76",3.04194669455199,1.59195401189755,"Other Gammaproteobacteria_K02014","Other Gammaproteobacteria","K02014",2,"Transcript","Other Transcript","Transport","prokaryotic_non_photoauto","Night",2.67292172097189,2.15481942214403
"77",4.02818918387401,1.30450880919306,"Roseobacter_K02025","Roseobacter","K02025",2,"Transcript","Other Transcript","Transport","prokaryotic_non_photoauto","Morning",3.69629161456478,2.06530376323677
"78",3.03570546541356,-2.44907680807203,"Crocosphaera_K09774","Crocosphaera","K09774",2,"Transcript","Crocosphaera","Transport","prokaryotic_photoauto","Morning",3.45516641924626,-1.80978172714032
"79",0.0173068987100756,3.28977727040577,"SAR324_K02027","SAR324","K02027",5,"Transcript","Other Transcript","Transport","prokaryotic_non_photoauto","Night",-0.624829355540529,3.22994153106155
"80",3.45466561263674,0.375891532269234,"SAR116_K02025","SAR116","K02025",2,"Transcript","Other Transcript","Transport","prokaryotic_non_photoauto","Morning",3.31495238151579,1.04264070870523
"81",-0.578636802183022,3.00244548949336,"High-light Pro_K11959","High-light Pro","K11959",6,"Transcript","High-light Pro","Transport","prokaryotic_photoauto","Night",-1.15326651566184,2.83186790123989
"82",2.93811644851492,0.400602800314042,"Crocosphaera_K01551","Crocosphaera","K01551",1,"Transcript","Crocosphaera","Transport","prokaryotic_photoauto","Morning",2.80350763550022,0.966103413897986
"83",3.22362243452561,2.54094365804163,"High-light Pro_K02032","High-light Pro","K02032",1,"Transcript","High-light Pro","Transport","prokaryotic_photoauto","Night",2.66596791688816,3.12101767695119
"84",3.58275774964731,0.225562388530307,"SAR86_K02014","SAR86","K02014",2,"Transcript","Other Transcript","Transport","prokaryotic_non_photoauto","Morning",3.46991102509158,0.920189633567592
"85",-3.05237439631452,1.03276734664588,"Roseobacter_K10232","Roseobacter","K10232",5,"Transcript","Other Transcript","Transport","prokaryotic_non_photoauto","Dusk",-3.19520679240987,0.417434307780593
"86",1.62119676238938,-3.78633489233008,"Roseobacter_K13893","Roseobacter","K13893",3,"Transcript","Other Transcript","Transport","prokaryotic_non_photoauto","Afternoon",2.32872321459446,-3.39730173064844
"87",2.25532592874369,-1.76345214728828,"SAR92_K03561","SAR92","K03561",2,"Transcript","SAR92","Transport","prokaryotic_non_photoauto","Morning",2.55602292069806,-1.28957564706589
"88",1.62148066500145,2.93049421722003,"SAR11-like_K10552","SAR11-like","K10552",2,"Transcript","Other Transcript","Transport","prokaryotic_non_photoauto","Night",1.01861330818801,3.19052077763425
"89",3.78605836736097,1.5820129095714,"Crocosphaera_K11601","Crocosphaera","K11601",1,"Transcript","Crocosphaera","Transport","prokaryotic_photoauto","Night",3.40467490949317,2.29023832117582
"90",3.06762737660447,-0.980891401022571,"SAR11-like_K18989","SAR11-like","K18989",2,"Transcript","Other Transcript","Transport","prokaryotic_non_photoauto","Morning",3.20004619602398,-0.363579435069784
"91",4.01792043902138,1.29350104892855,"Crocosphaera_K02002","Crocosphaera","K02002",2,"Transcript","Crocosphaera","Transport","prokaryotic_photoauto","Morning",3.68836768825978,2.05250418125913
"92",2.1649137870286,2.20491291744645,"Roseobacter_K01999","Roseobacter","K01999",2,"Transcript","Other Transcript","Transport","prokaryotic_non_photoauto","Night",1.69315840457752,2.58489986185099
"93",-0.247202277389089,-4.23406805636188,"High-light Pro_K06860","High-light Pro","K06860",4,"Transcript","High-light Pro","Transport","prokaryotic_photoauto","Afternoon",0.583573345608466,-4.20093839780421
"94",0.729899597456111,2.79009798298915,"Other Alphaproteobacteria_K10559","Other Alphaproteobacteria","K10559",5,"Transcript","Other Transcript","Transport","prokaryotic_non_photoauto","Night",0.171553667399293,2.87888338010566
"95",-1.13956946221793,0.450072407874095,"Crocosphaera_K02040","Crocosphaera","K02040",5,"Transcript","Crocosphaera","Transport","prokaryotic_photoauto","Dusk",-1.2054777255231,0.219105419414709
"96",3.99318275752876,0.19535843129932,"Crocosphaera_K09691","Crocosphaera","K09691",2,"Transcript","Crocosphaera","Transport","prokaryotic_photoauto","Morning",3.87834233127344,0.970635983856575
"97",-2.46594711832374,1.56435916978289,"Roseobacter_K10439","Roseobacter","K10439",5,"Transcript","Other Transcript","Transport","prokaryotic_non_photoauto","Dusk",-2.72375597008652,1.05321802959835
"98",2.32915572910841,-2.4851772348892,"Chloroflexi_K02030","Chloroflexi","K02030",2,"Transcript","Other Transcript","Transport","prokaryotic_non_photoauto","Morning",2.76923568189807,-1.98302950995506
"99",-1.90336862981466,-0.486704861427694,"Other Alphaproteobacteria_K02057","Other Alphaproteobacteria","K02057",5,"Transcript","Other Transcript","Transport","prokaryotic_non_photoauto","Dusk",-1.77184452716074,-0.848681762894915
"100",0.611895601440009,3.55799183951002,"OM60/NOR5_K08226","OM60/NOR5","K08226",1,"Transcript","Other Transcript","Transport","prokaryotic_non_photoauto","Night",-0.093991574664924,3.60900093391143
"101",1.49882522508573,1.25346675087614,"Other Gammaproteobacteria_K10439","Other Gammaproteobacteria","K10439",2,"Transcript","Other Transcript","Transport","prokaryotic_non_photoauto","Night",1.2254864865962,1.52178803454206
"102",-1.12822721928135,1.09452362879724,"Crocosphaera_K10716","Crocosphaera","K10716",5,"Transcript","Crocosphaera","Transport","prokaryotic_photoauto","Dusk",-1.32007961681773,0.853386452660904
"103",2.46809057548601,1.83814367388817,"Rivulariaceae_K10236","Rivulariaceae","K10236",2,"Transcript","Other Transcript","Transport","prokaryotic_photoauto","Night",2.06206286588787,2.28432484375237
"104",-2.69880202237835,1.47224095407787,"Roseobacter_K02058","Roseobacter","K02058",5,"Transcript","Other Transcript","Transport","prokaryotic_non_photoauto","Dusk",-2.93416526008754,0.917442101362816
"105",3.980912217241,0.702271048788973,"OM60/NOR5_K03561","OM60/NOR5","K03561",2,"Transcript","Other Transcript","Transport","prokaryotic_non_photoauto","Morning",3.76741382019651,1.46541455388505
"106",2.5857331551782,1.67799019612983,"Roseobacter_K02027","Roseobacter","K02027",2,"Transcript","Other Transcript","Transport","prokaryotic_non_photoauto","Night",2.20868936994651,2.15019959891656
"107",2.63302802088689,2.15379683929024,"SAR11-like_K05813","SAR11-like","K05813",2,"Transcript","Other Transcript","Transport","prokaryotic_non_photoauto","Night",2.16225020684066,2.62609052142718
"108",-2.10621001507937,-2.83548318312543,"High-light Pro_K11601","High-light Pro","K11601",5,"Transcript","High-light Pro","Transport","prokaryotic_photoauto","Afternoon",-1.51256445296046,-3.19190135891574
"109",-1.59866550108527,0.384150786085746,"Crocosphaera_K02007","Crocosphaera","K02007",5,"Transcript","Crocosphaera","Transport","prokaryotic_photoauto","Dusk",-1.64289169231311,0.0648852690454292
"110",-1.80726946438399,-1.03912464580579,"SAR11_K02025","SAR11","K02025",5,"Transcript","SAR11","Transport","prokaryotic_non_photoauto","Dusk",-1.5698201266249,-1.37173893888712
"111",2.69333406667975,0.459166366619685,"SAR11-like_K02064","SAR11-like","K02064",2,"Transcript","Other Transcript","Transport","prokaryotic_non_photoauto","Morning",2.55200349348526,0.97578702400238
"112",2.98922243328912,0.550469837719872,"SAR86_K03561","SAR86","K03561",2,"Transcript","Other Transcript","Transport","prokaryotic_non_photoauto","Morning",2.82439402452016,1.12306108122981
"113",1.46204075551742,0.222679019664587,"--_K03453","--","K03453",1,"Transcript","Other Transcript","Transport","","Night",1.3905055307085,0.503630306536244
"114",3.87816220831563,1.58096896573811,"Crocosphaera_K02471","Crocosphaera","K02471",2,"Transcript","Crocosphaera","Transport","prokaryotic_photoauto","Night",3.4952126643087,2.30718300442133
"115",2.57953223727296,1.77216782727535,"Crocosphaera_K03442","Crocosphaera","K03442",2,"Transcript","Crocosphaera","Transport","prokaryotic_photoauto","Night",2.18423445655316,2.2413578942164
"116",-0.261739680145834,1.88305362844823,"Roseobacter_K10117","Roseobacter","K10117",5,"Transcript","Other Transcript","Transport","prokaryotic_non_photoauto","Night",-0.624075964332088,1.79580840250787
"117",3.20631160706394,-2.84046106840356,"Other Bacteroidetes_K02035","Other Bacteroidetes","K02035",2,"Transcript","Other Transcript","Transport","prokaryotic_non_photoauto","Morning",3.69884969310347,-2.16036204154249
"118",1.33324927697543,1.77957874975303,"Chloroflexi_K10232","Chloroflexi","K10232",6,"Transcript","Other Transcript","Transport","prokaryotic_non_photoauto","Night",0.960452674623374,2.00548867384906
"119",3.10033831512827,2.3406971434124,"SAR116_K15598","SAR116","K15598",2,"Transcript","Other Transcript","Transport","prokaryotic_non_photoauto","Night",2.5841188242974,2.90056730439808
"120",3.87643776124706,1.18236808681069,"Verrucomicrobia_K11959","Verrucomicrobia","K11959",2,"Transcript","Other Transcript","Transport","prokaryotic_non_photoauto","Morning",3.57128452583288,1.91590470667962
"121",1.87072974677227,0.538616917120373,"SAR11-like_K10018","SAR11-like","K10018",2,"Transcript","Other Transcript","Transport","prokaryotic_non_photoauto","Morning",1.72970525144236,0.89322881279078
"122",-2.07833022260946,0.475647508444053,"Crocosphaera_K03321","Crocosphaera","K03321",5,"Transcript","Crocosphaera","Transport","prokaryotic_photoauto","Dusk",-2.13118991574105,0.0610459625576666
"123",1.75118423216912,-3.87717168065761,"SAR11_K03321","SAR11","K03321",2,"Transcript","SAR11","Transport","prokaryotic_non_photoauto","Afternoon",2.47393438987702,-3.4610338182218
"124",0.638761193560156,2.02814178957392,"Crocosphaera_K11603","Crocosphaera","K11603",6,"Transcript","Crocosphaera","Transport","prokaryotic_photoauto","Night",0.230816741514257,2.11378774072783
"125",1.9311739560151,3.54211176525298,"--_K10117","--","K10117",1,"Transcript","Other Transcript","Transport","","Night",1.20303526505736,3.85080442985137
"126",3.05292705704336,1.64405950224239,"SAR116_K02012","SAR116","K02012",2,"Transcript","Other Transcript","Transport","prokaryotic_non_photoauto","Night",2.67352582198673,2.20806588255674
"127",1.03928690917428,2.3539797592577,"Other Alphaproteobacteria_K15551","Other Alphaproteobacteria","K15551",2,"Transcript","Other Transcript","Transport","prokaryotic_non_photoauto","Night",0.560078633380867,2.51150351602505
"128",2.35661374611636,3.22844834187977,"SAR324_K02035","SAR324","K02035",2,"Transcript","Other Transcript","Transport","prokaryotic_non_photoauto","Night",1.68149304715709,3.62616714685537
"129",-3.46082973384454,-0.866204397719673,"Other Gammaproteobacteria_K02057","Other Gammaproteobacteria","K02057",5,"Transcript","Other Transcript","Transport","prokaryotic_non_photoauto","Dusk",-3.22534276605363,-1.52473491032272
"130",1.362930485991,-0.568288294290957,"Crocosphaera_K02044","Crocosphaera","K02044",5,"Transcript","Crocosphaera","Transport","prokaryotic_photoauto","Morning",1.44760970520402,-0.291474246668447
"131",-1.10435319467253,-1.47764861257372,"Crocosphaera_K01537","Crocosphaera","K01537",4,"Transcript","Crocosphaera","Transport","prokaryotic_photoauto","Afternoon",-0.794858414047413,-1.66470462918877
"132",-0.33488912080338,2.65176086164288,"SAR11_K10019","SAR11","K10019",6,"Transcript","SAR11","Transport","prokaryotic_non_photoauto","Night",-0.845787200658809,2.53547439383149
"133",2.61240005335124,0.660547782987229,"SAR11-like_K02012","SAR11-like","K02012",2,"Transcript","Other Transcript","Transport","prokaryotic_non_photoauto","Morning",2.43333703916149,1.15750951020011
"134",-3.22546500907845,1.37824227901907,"Other Gammaproteobacteria_K01999","Other Gammaproteobacteria","K01999",5,"Transcript","Other Transcript","Transport","prokaryotic_non_photoauto","Dusk",-3.43237033338989,0.722502732818439
"135",-1.12173496166057,-2.95484421491317,"High-light Pro_K02066","High-light Pro","K02066",4,"Transcript","High-light Pro","Transport","prokaryotic_photoauto","Afternoon",-0.523719629515466,-3.11690734675858
"136",-1.50718777368567,0.452260717501822,"Crocosphaera_K01533","Crocosphaera","K01533",5,"Transcript","Crocosphaera","Transport","prokaryotic_photoauto","Dusk",-1.5664592722473,0.149532906523282
"137",2.88621823003119,0.601522679744792,"Crocosphaera_K06860","Crocosphaera","K06860",2,"Transcript","Crocosphaera","Transport","prokaryotic_photoauto","Morning",2.71340910275464,1.153037834028
"138",-0.462973519566074,2.98716979259441,"SUP05/ARCTIC96BD-19_K02055","SUP05/ARCTIC96BD-19","K02055",5,"Transcript","Other Transcript","Transport","prokaryotic_non_photoauto","Night",-1.03684552996098,2.83945050962468
"139",0.054246877175299,0.279710366760398,"Crocosphaera_K02018","Crocosphaera","K02018",6,"Transcript","Crocosphaera","Transport","prokaryotic_photoauto","Night",-0.0013642468811601,0.284918851231286
"140",0.135331046124257,1.55400112799815,"--_K17236","--","K17236",1,"Transcript","Other Transcript","Transport","","Night",-0.170439882454344,1.55054320943776
"141",2.37027467738266,0.417120170929674,"Other Alphaproteobacteria_K03320","Other Alphaproteobacteria","K03320",1.5,"Transcript","Other Transcript","Transport","prokaryotic_non_photoauto","Morning",2.24335440562334,0.871522973884361
"142",1.89585180346376,0.00505404813971672,"SAR116_K02002","SAR116","K02002",2,"Transcript","Other Transcript","Transport","prokaryotic_non_photoauto","Morning",1.85843754678411,0.374819274854486
"143",-1.22326173724857,-4.07752059565471,"Other Alphaproteobacteria_K06147","Other Alphaproteobacteria","K06147",4,"Transcript","Other Transcript","Transport","prokaryotic_non_photoauto","Afternoon",-0.404272299940206,-4.23781870698898
"144",2.05478440326488,0.968898525768446,"Crocosphaera_K02033","Crocosphaera","K02033",1,"Transcript","Crocosphaera","Transport","prokaryotic_photoauto","Night",1.82627957173121,1.35114996318475
"145",-1.6555261904627,-2.19710475489827,"SUP05/ARCTIC96BD-19_K02035","SUP05/ARCTIC96BD-19","K02035",5,"Transcript","Other Transcript","Transport","prokaryotic_non_photoauto","Afternoon",-1.19508184479158,-2.47786514071167
"146",-1.98711712493315,2.19608616150093,"Other Alphaproteobacteria_K18138","Other Alphaproteobacteria","K18138",5,"Transcript","Other Transcript","Transport","prokaryotic_non_photoauto","Dusk",-2.377370382994,1.76622166191037
"147",3.05041807209082,1.69579885563277,"SAR92_K16092","SAR92","K16092",1,"Transcript","SAR92","Transport","prokaryotic_non_photoauto","Night",2.66097119936269,2.25832160009728
"148",2.1765727668969,0.957020997596058,"SAR324_K11069","SAR324","K11069",2,"Transcript","Other Transcript","Transport","prokaryotic_non_photoauto","Night",1.9480449969018,1.36326038946448
"149",-1.38550461647029,2.74076693794101,"Roseobacter_K02002","Roseobacter","K02002",5,"Transcript","Other Transcript","Transport","prokaryotic_non_photoauto","Dusk",-1.89357963825885,2.41780532796636
"150",0.355639786398331,2.11515851298174,"Roseobacter_K02051","Roseobacter","K02051",5,"Transcript","Other Transcript","Transport","prokaryotic_non_photoauto","Night",-0.0638406877875308,2.14389821570228
"151",3.6154147336017,0.792434506764882,"SAR11-like_K02000","SAR11-like","K02000",2,"Transcript","Other Transcript","Transport","prokaryotic_non_photoauto","Morning",3.39134925016806,1.4825405245188
"152",-3.31107557252356,-1.34930235122587,"Other Alphaproteobacteria_K02058","Other Alphaproteobacteria","K02058",5,"Transcript","Other Transcript","Transport","prokaryotic_non_photoauto","Dusk",-2.98421835363603,-1.96933468455916
"153",0.163880627227318,1.74575555848989,"Other Alphaproteobacteria_K02027","Other Alphaproteobacteria","K02027",5,"Transcript","Other Transcript","Transport","prokaryotic_non_photoauto","Night",-0.179848307139437,1.74418287928699
"154",1.24852809527372,-2.59736079453051,"High-light Pro_K02011","High-light Pro","K02011",4,"Transcript","High-light Pro","Transport","prokaryotic_photoauto","Afternoon",1.73125793181137,-2.30387748701883
"155",2.81217389802654,2.89502755116248,"Crocosphaera_K09969","Crocosphaera","K09969",6,"Transcript","Crocosphaera","Transport","prokaryotic_photoauto","Night",2.19334690791676,3.38802831987332
"156",0.286809568616737,1.78881498815887,"Rivulariaceae_K10439","Rivulariaceae","K10439",5,"Transcript","Other Transcript","Transport","prokaryotic_photoauto","Night",-0.0676818888890941,1.81039718084964
"157",0.18069177949238,-1.28015647686019,"Other Alphaproteobacteria_K10547","Other Alphaproteobacteria","K10547",4,"Transcript","Other Transcript","Transport","prokaryotic_non_photoauto","Afternoon",0.426965976917679,-1.2203074116705
"158",0.735134585281056,3.81642524069094,"SAR324_K10112","SAR324","K10112",5,"Transcript","Other Transcript","Transport","prokaryotic_non_photoauto","Night",-0.0235384487978817,3.8865113427967
"159",-0.674245282937559,0.890964955179391,"Other Alphaproteobacteria_K02030","Other Alphaproteobacteria","K02030",5.5,"Transcript","Other Transcript","Transport","prokaryotic_non_photoauto","Dusk",-0.835108488897502,0.742306584028926
"160",-1.62813875849588,-3.75820432876858,"Euryarchaeota_K09815","Euryarchaeota","K09815",3,"Transcript","Other Transcript","Transport","archaea","Afternoon",-0.863665236084876,-4.00362560108583
"161",2.58287570413424,1.38244831521474,"SAR11_K02058","SAR11","K02058",2,"Transcript","SAR11","Transport","prokaryotic_non_photoauto","Night",2.26354418474009,1.85977901132804
"162",1.99810833061954,1.56957497664937,"SAR92_K03320","SAR92","K03320",6,"Transcript","SAR92","Transport","prokaryotic_non_photoauto","Night",1.65350635169974,1.92922763123062
"163",0.109160000402581,-1.94582333141215,"Other Gammaproteobacteria_K06213","Other Gammaproteobacteria","K06213",5,"Transcript","Other Transcript","Transport","prokaryotic_non_photoauto","Afternoon",0.486673821915354,-1.88713882208439
"164",1.66755496611724,-0.746648000552126,"SAR11_K06901","SAR11","K06901",2,"Transcript","SAR11","Transport","prokaryotic_non_photoauto","Morning",1.78117716389151,-0.406977533264622
"165",4.05094482307407,1.22491258571246,"Rivulariaceae_K02014","Rivulariaceae","K02014",2,"Transcript","Other Transcript","Transport","prokaryotic_photoauto","Morning",3.73413846340846,1.99167636385053
"166",-1.84928546008294,2.35656393864486,"Roseobacter_K11069","Roseobacter","K11069",6,"Transcript","Other Transcript","Transport","prokaryotic_non_photoauto","Dusk",-2.27349477615489,1.95050552744462
"167",1.63206672167129,3.83775517957451,"Crocosphaera_K07301","Crocosphaera","K07301",6,"Transcript","Crocosphaera","Transport","prokaryotic_photoauto","Night",0.851998123448902,4.0824142122006
"168",0.503900664086173,4.23831566204654,"SAR116_K14393","SAR116","K14393",6,"Transcript","Other Transcript","Transport","prokaryotic_non_photoauto","Night",-0.332636013193529,4.25518375785844
